Num_Acc;senc;catv;occutc;obs;obsm;choc;manv;num_veh
201600012993;1.0;1;0;0.0;2.0;1.0;1.0;A01
201600013040;0.0;1;0;0.0;2.0;1.0;11.0;A01
201600013044;0.0;1;0;0.0;2.0;8.0;0.0;A01
201600013045;1.0;1;0;0.0;0.0;0.0;2.0;A01
201600013072;1.0;1;0;0.0;2.0;4.0;0.0;B01
201600013110;2.0;1;0;0.0;2.0;1.0;15.0;A01
201600013126;1.0;1;0;0.0;2.0;1.0;1.0;B01
201600013149;0.0;1;0;0.0;0.0;7.0;1.0;B01
201600013155;1.0;1;0;0.0;2.0;1.0;0.0;B01
201600013159;1.0;1;0;0.0;2.0;1.0;5.0;B01
201600013162;1.0;1;0;0.0;0.0;3.0;2.0;B01
201600013168;0.0;1;0;0.0;2.0;7.0;19.0;B01
201600013174;;1;0;0.0;2.0;4.0;16.0;B01
201600013194;2.0;1;0;12.0;0.0;1.0;0.0;A01
201600013206;0.0;1;0;0.0;2.0;4.0;14.0;B01
201600013214;2.0;1;0;0.0;2.0;7.0;1.0;B01
201600013216;1.0;1;0;0.0;2.0;1.0;1.0;A01
201600013312;1.0;1;0;0.0;2.0;1.0;1.0;B01
201600013317;2.0;1;0;0.0;2.0;3.0;1.0;B01
201600013318;1.0;1;0;0.0;0.0;0.0;1.0;B01
201600013387;0.0;1;0;0.0;0.0;0.0;0.0;A01
201600013429;2.0;1;0;0.0;2.0;2.0;5.0;A01
201600013466;0.0;1;0;0.0;2.0;9.0;11.0;B01
201600013480;0.0;1;0;0.0;2.0;9.0;19.0;B01
201600013483;1.0;1;0;0.0;2.0;3.0;16.0;B01
201600013517;1.0;1;0;0.0;2.0;3.0;1.0;C01
201600013518;1.0;1;0;0.0;2.0;8.0;15.0;A01
201600013530;1.0;1;0;0.0;2.0;3.0;1.0;B01
201600013558;1.0;1;0;0.0;2.0;8.0;1.0;A01
201600013561;1.0;1;0;0.0;2.0;8.0;1.0;B01
201600013565;1.0;1;0;0.0;2.0;1.0;1.0;B01
201600013569;2.0;1;0;0.0;2.0;1.0;1.0;B01
201600013571;1.0;1;0;15.0;0.0;3.0;13.0;A01
201600013575;1.0;1;0;0.0;2.0;9.0;15.0;B01
201600013584;1.0;1;0;0.0;2.0;0.0;0.0;B01
201600013656;1.0;1;0;0.0;2.0;8.0;19.0;B01
201600013671;2.0;1;0;0.0;2.0;3.0;24.0;Z01
201600013672;1.0;1;0;0.0;2.0;1.0;1.0;B01
201600013689;2.0;1;0;0.0;2.0;1.0;1.0;B01
201600013691;2.0;1;0;0.0;0.0;0.0;0.0;B01
201600013700;2.0;1;0;0.0;2.0;8.0;13.0;A01
201600013707;1.0;1;0;0.0;2.0;4.0;2.0;B01
201600013731;1.0;1;0;0.0;2.0;8.0;1.0;B01
201600013763;0.0;1;0;0.0;2.0;6.0;15.0;A01
201600013769;1.0;1;0;0.0;2.0;3.0;15.0;Z01
201600013777;1.0;1;0;0.0;2.0;1.0;1.0;B01
201600013792;1.0;1;0;0.0;0.0;0.0;0.0;Z01
201600013794;0.0;1;0;0.0;0.0;0.0;0.0;B01
201600013815;0.0;1;0;0.0;2.0;4.0;2.0;B01
201600013848;1.0;1;0;0.0;2.0;1.0;1.0;B01
201600013849;2.0;1;0;0.0;2.0;0.0;0.0;B01
201600013957;1.0;1;0;0.0;2.0;7.0;1.0;B01
201600013982;1.0;1;0;0.0;2.0;1.0;17.0;B01
201600013985;2.0;1;0;0.0;2.0;1.0;1.0;B01
201600014062;1.0;1;0;0.0;2.0;4.0;2.0;B01
201600014091;2.0;1;0;0.0;0.0;0.0;0.0;Z01
201600014259;1.0;1;0;0.0;1.0;0.0;0.0;Z01
201600014382;2.0;1;0;0.0;1.0;0.0;0.0;A01
201600014504;1.0;1;0;0.0;2.0;1.0;1.0;B01
201600014516;1.0;1;0;0.0;2.0;5.0;0.0;B01
201600014552;2.0;1;0;0.0;2.0;0.0;0.0;B01
201600014552;2.0;1;0;0.0;2.0;0.0;0.0;A01
201600014557;1.0;1;0;0.0;2.0;0.0;0.0;A01
201600014574;1.0;1;0;0.0;2.0;1.0;1.0;A01
201600014590;2.0;1;0;0.0;2.0;1.0;1.0;A01
201600014680;2.0;1;0;0.0;2.0;0.0;0.0;A01
201600014750;1.0;1;0;1.0;0.0;8.0;17.0;A01
201600014772;1.0;1;0;0.0;2.0;4.0;0.0;B01
201600014781;1.0;1;0;0.0;2.0;1.0;0.0;B01
201600014783;2.0;1;0;0.0;2.0;1.0;1.0;B01
201600014797;2.0;1;0;0.0;2.0;1.0;1.0;B01
201600014805;2.0;1;0;0.0;2.0;4.0;2.0;B01
201600014822;1.0;1;0;0.0;2.0;4.0;1.0;B01
201600014835;1.0;1;0;0.0;2.0;3.0;1.0;A01
201600014853;1.0;1;0;0.0;2.0;0.0;0.0;Z01
201600014864;1.0;1;0;0.0;9.0;4.0;2.0;B01
201600014898;1.0;1;0;0.0;2.0;4.0;1.0;C01
201600014912;2.0;1;0;0.0;1.0;0.0;0.0;Z01
201600014929;2.0;1;0;0.0;0.0;0.0;0.0;A01
201600015040;2.0;1;0;0.0;2.0;1.0;5.0;B01
201600015116;1.0;1;0;0.0;2.0;7.0;0.0;B01
201600015211;2.0;1;0;0.0;2.0;0.0;1.0;B01
201600015214;1.0;1;0;0.0;2.0;0.0;0.0;Z01
201600015267;2.0;1;0;0.0;1.0;0.0;0.0;A01
201600015276;1.0;1;0;0.0;0.0;0.0;0.0;A01
201600015328;1.0;1;0;0.0;2.0;7.0;1.0;B01
201600015337;2.0;1;0;0.0;2.0;1.0;5.0;A01
201600015343;1.0;1;0;0.0;2.0;1.0;19.0;A01
201600015410;1.0;1;0;0.0;2.0;4.0;0.0;B01
201600015446;1.0;1;0;0.0;2.0;1.0;1.0;B01
201600015457;1.0;1;0;0.0;0.0;0.0;0.0;B01
201600015481;2.0;1;0;0.0;2.0;1.0;1.0;A01
201600015509;1.0;1;0;0.0;2.0;0.0;0.0;Z01
201600015557;1.0;1;0;0.0;2.0;8.0;1.0;C01
201600015558;1.0;1;0;0.0;2.0;0.0;0.0;A01
201600015581;2.0;1;0;0.0;2.0;1.0;5.0;A01
201600015614;1.0;1;0;0.0;2.0;3.0;15.0;B01
201600015642;2.0;1;0;0.0;2.0;0.0;1.0;B01
201600015665;2.0;1;0;0.0;2.0;1.0;17.0;B01
201600015666;2.0;1;0;0.0;2.0;8.0;1.0;B01
201600015683;1.0;1;0;0.0;2.0;8.0;2.0;A01
201600015693;2.0;1;0;0.0;2.0;1.0;1.0;B01
201600015878;2.0;1;0;0.0;2.0;1.0;1.0;B01
201600015908;1.0;1;0;0.0;2.0;7.0;1.0;A01
201600015982;1.0;1;0;0.0;2.0;1.0;1.0;B01
201600016054;2.0;1;0;0.0;9.0;0.0;5.0;A01
201600016235;0.0;1;0;0.0;0.0;8.0;13.0;B01
201600016241;0.0;1;0;0.0;0.0;0.0;0.0;C01
201600016285;0.0;1;0;0.0;2.0;1.0;0.0;B01
201600016301;2.0;1;0;12.0;0.0;1.0;1.0;A01
201600016406;2.0;1;0;0.0;2.0;8.0;1.0;B01
201600016429;1.0;1;0;0.0;2.0;1.0;1.0;B01
201600016439;0.0;1;0;0.0;0.0;4.0;1.0;B01
201600016450;0.0;1;0;0.0;2.0;4.0;9.0;B01
201600016469;0.0;1;0;0.0;2.0;7.0;1.0;B01
201600016517;1.0;1;0;0.0;2.0;1.0;1.0;B01
201600016523;0.0;1;0;0.0;2.0;4.0;1.0;A01
201600016539;1.0;1;0;0.0;2.0;3.0;0.0;B01
201600016541;2.0;1;0;0.0;0.0;0.0;0.0;B01
201600016606;1.0;1;0;0.0;2.0;8.0;1.0;B01
201600016621;0.0;1;0;0.0;0.0;4.0;1.0;B02
201600016636;2.0;1;0;0.0;2.0;1.0;1.0;A01
201600016668;0.0;1;0;0.0;2.0;1.0;19.0;A01
201600016682;1.0;1;0;0.0;2.0;1.0;1.0;B01
201600016694;2.0;1;0;0.0;2.0;4.0;1.0;B01
201600016705;1.0;1;0;0.0;1.0;1.0;1.0;A01
201600016717;1.0;1;0;0.0;2.0;1.0;1.0;B01
201600016718;1.0;1;0;0.0;2.0;1.0;19.0;A01
201600016727;1.0;1;0;0.0;2.0;4.0;0.0;B01
201600016744;0.0;1;0;0.0;2.0;8.0;1.0;B01
201600016751;1.0;1;0;0.0;2.0;4.0;1.0;C01
201600016751;1.0;1;0;0.0;2.0;4.0;1.0;B01
201600016754;2.0;1;0;0.0;1.0;1.0;1.0;A01
201600016765;0.0;1;0;0.0;2.0;4.0;16.0;B02
201600016775;2.0;1;0;0.0;0.0;7.0;10.0;A01
201600016801;1.0;1;0;0.0;2.0;7.0;15.0;A01
201600016887;0.0;1;0;0.0;2.0;2.0;1.0;B02
201600016912;2.0;1;0;0.0;2.0;3.0;1.0;B02
201600016947;2.0;1;0;0.0;2.0;8.0;19.0;A01
201600016965;2.0;1;0;1.0;0.0;1.0;1.0;B01
201600017024;1.0;1;0;0.0;2.0;1.0;1.0;B02
201600017043;1.0;1;0;0.0;2.0;8.0;2.0;B02
201600017045;1.0;1;0;0.0;2.0;1.0;1.0;B02
201600017063;2.0;1;0;0.0;2.0;4.0;2.0;B02
201600017080;2.0;1;0;0.0;2.0;1.0;1.0;B02
201600017112;0.0;1;0;0.0;2.0;1.0;15.0;B02
201600017113;2.0;1;0;0.0;2.0;1.0;1.0;B02
201600017127;1.0;1;0;0.0;2.0;1.0;19.0;A01
201600017128;1.0;1;0;0.0;0.0;4.0;2.0;B02
201600017146;1.0;1;0;0.0;2.0;3.0;10.0;A01
201600017169;1.0;1;0;0.0;0.0;0.0;1.0;A01
201600017179;2.0;1;0;0.0;2.0;1.0;1.0;A01
201600017184;1.0;1;0;0.0;2.0;4.0;2.0;B02
201600017190;2.0;1;0;0.0;0.0;4.0;1.0;B02
201600017206;1.0;1;0;0.0;0.0;4.0;1.0;A02
201600017216;1.0;1;0;0.0;2.0;4.0;2.0;B02
201600017237;2.0;1;0;0.0;2.0;8.0;2.0;B01
201600017246;0.0;1;0;0.0;2.0;1.0;19.0;B02
201600017259;2.0;1;0;0.0;2.0;8.0;1.0;B02
201600017290;0.0;1;0;0.0;0.0;8.0;21.0;B02
201600017292;1.0;1;0;0.0;0.0;0.0;1.0;A01
201600017339;1.0;1;0;0.0;2.0;1.0;1.0;B02
201600017358;0.0;1;0;0.0;2.0;1.0;19.0;A01
201600017373;1.0;1;0;0.0;0.0;0.0;0.0;A01
201600017423;1.0;1;0;0.0;2.0;4.0;1.0;B02
201600017433;2.0;1;0;0.0;2.0;1.0;19.0;A01
201600017446;1.0;1;0;0.0;2.0;7.0;1.0;A01
201600017450;0.0;1;0;0.0;2.0;8.0;9.0;B02
201600017468;0.0;1;0;0.0;2.0;8.0;1.0;B02
201600017476;2.0;1;0;0.0;2.0;1.0;1.0;B02
201600017488;2.0;1;0;0.0;0.0;0.0;0.0;B02
201600017515;0.0;1;0;0.0;2.0;4.0;2.0;B02
201600017538;2.0;1;0;0.0;0.0;0.0;1.0;A01
201600017623;2.0;1;0;0.0;0.0;4.0;1.0;B01
201600017650;0.0;1;0;0.0;0.0;0.0;1.0;A01
201600017653;0.0;1;0;0.0;2.0;4.0;15.0;B02
201600017660;1.0;1;0;0.0;0.0;3.0;1.0;A01
201600017705;0.0;1;0;1.0;0.0;0.0;0.0;B02
201600017720;1.0;1;0;0.0;2.0;1.0;2.0;B02
201600017721;1.0;1;0;1.0;0.0;1.0;0.0;A01
201600017723;2.0;1;0;0.0;9.0;1.0;1.0;A01
201600017727;1.0;1;0;0.0;9.0;7.0;2.0;A01
201600017727;1.0;1;0;0.0;9.0;8.0;2.0;B01
201600017750;0.0;1;0;0.0;2.0;4.0;15.0;B02
201600017770;0.0;1;0;0.0;0.0;8.0;15.0;A01
201600017787;1.0;1;0;0.0;2.0;7.0;1.0;A01
201600017808;0.0;1;0;0.0;0.0;7.0;1.0;A01
201600017813;1.0;1;0;0.0;2.0;6.0;2.0;B01
201600017815;0.0;1;0;0.0;2.0;8.0;23.0;B01
201600017819;1.0;1;0;0.0;2.0;8.0;1.0;B01
201600017827;1.0;1;0;0.0;1.0;1.0;1.0;A01
201600017831;1.0;1;0;15.0;2.0;4.0;1.0;B01
201600017835;1.0;1;0;0.0;2.0;1.0;2.0;B01
201600017839;2.0;1;0;0.0;2.0;1.0;1.0;B01
201600017851;1.0;1;0;0.0;0.0;7.0;1.0;A01
201600017852;1.0;1;0;0.0;0.0;0.0;2.0;B01
201600017870;2.0;1;0;0.0;0.0;8.0;10.0;B02
201600017932;2.0;1;0;0.0;0.0;4.0;2.0;B02
201600017939;1.0;1;0;0.0;2.0;8.0;13.0;A01
201600017942;2.0;1;0;0.0;2.0;5.0;1.0;A01
201600017950;0.0;1;0;0.0;2.0;2.0;5.0;B02
201600017972;2.0;1;0;0.0;2.0;5.0;1.0;A01
201600017983;2.0;1;0;0.0;2.0;1.0;13.0;A01
201600017984;2.0;1;0;0.0;2.0;8.0;13.0;B02
201600017987;2.0;1;0;0.0;0.0;7.0;1.0;A01
201600017999;1.0;1;0;0.0;2.0;1.0;13.0;B02
201600018075;2.0;1;0;0.0;2.0;1.0;1.0;B02
201600018104;0.0;1;0;0.0;2.0;4.0;1.0;A01
201600018118;2.0;1;0;0.0;2.0;2.0;6.0;B02
201600018124;1.0;1;0;0.0;2.0;8.0;1.0;A01
201600018129;1.0;1;0;0.0;2.0;1.0;1.0;B01
201600018131;0.0;1;0;0.0;0.0;6.0;1.0;B02
201600018157;2.0;1;0;0.0;0.0;1.0;2.0;A01
201600018157;2.0;1;0;0.0;0.0;4.0;2.0;B02
201600018235;0.0;1;0;0.0;2.0;1.0;1.0;B02
201600018243;0.0;1;0;0.0;0.0;7.0;1.0;A01
201600018255;0.0;1;0;0.0;2.0;1.0;19.0;B02
201600018259;0.0;1;0;0.0;0.0;1.0;13.0;B02
201600018271;1.0;1;0;0.0;2.0;4.0;1.0;B01
201600018279;0.0;1;0;0.0;2.0;7.0;1.0;A01
201600018356;0.0;1;0;0.0;5.0;1.0;1.0;A01
201600018374;1.0;1;0;0.0;2.0;1.0;1.0;B02
201600018390;0.0;1;0;0.0;2.0;4.0;2.0;B02
201600018399;2.0;1;0;0.0;0.0;4.0;2.0;A01
201600018413;0.0;1;0;0.0;2.0;1.0;1.0;A01
201600018413;0.0;1;0;0.0;2.0;1.0;17.0;B02
201600018435;0.0;1;0;0.0;2.0;1.0;1.0;C03
201600018440;0.0;1;0;0.0;2.0;4.0;15.0;B02
201600018441;2.0;1;0;0.0;0.0;4.0;0.0;B02
201600018478;1.0;1;0;0.0;2.0;3.0;2.0;A01
201600018485;2.0;1;0;0.0;2.0;8.0;2.0;B02
201600018496;1.0;1;0;0.0;2.0;8.0;1.0;B02
201600018508;1.0;1;0;0.0;2.0;1.0;2.0;A01
201600018511;2.0;1;0;0.0;2.0;1.0;1.0;A01
201600018516;0.0;1;0;0.0;2.0;1.0;15.0;B02
201600018524;1.0;1;0;0.0;2.0;3.0;1.0;B02
201600018536;1.0;1;0;0.0;2.0;1.0;13.0;A01
201600018559;1.0;1;0;0.0;2.0;8.0;2.0;A01
201600018565;2.0;1;0;0.0;2.0;1.0;1.0;B02
201600018595;1.0;1;0;0.0;0.0;1.0;1.0;A01
201600018613;0.0;1;0;0.0;2.0;4.0;2.0;B02
201600018668;0.0;1;0;0.0;2.0;1.0;1.0;A01
201600018697;2.0;1;0;1.0;0.0;1.0;1.0;B02
201600018705;2.0;1;0;0.0;0.0;8.0;1.0;B02
201600018729;2.0;1;0;0.0;2.0;4.0;1.0;B02
201600018738;1.0;1;0;0.0;0.0;8.0;1.0;B02
201600018744;2.0;1;0;0.0;2.0;4.0;15.0;A01
201600018787;2.0;1;0;0.0;2.0;8.0;15.0;A01
201600018790;1.0;1;0;0.0;2.0;5.0;2.0;B02
201600018796;1.0;1;0;0.0;0.0;8.0;2.0;B02
201600018879;2.0;1;0;0.0;2.0;1.0;1.0;B02
201600018881;1.0;1;0;0.0;0.0;6.0;1.0;B02
201600018882;2.0;1;0;0.0;2.0;4.0;15.0;B02
201600018913;0.0;1;0;0.0;2.0;3.0;15.0;B02
201600018972;2.0;1;0;0.0;0.0;8.0;2.0;B02
201600018973;0.0;1;0;0.0;0.0;0.0;15.0;A01
201600018991;2.0;1;0;0.0;0.0;5.0;19.0;A01
201600019004;2.0;1;0;0.0;2.0;4.0;1.0;B02
201600019015;1.0;1;0;0.0;2.0;1.0;1.0;B02
201600019043;0.0;1;0;0.0;2.0;1.0;1.0;B02
201600019056;2.0;1;0;0.0;2.0;1.0;19.0;B02
201600019061;1.0;1;0;0.0;2.0;8.0;2.0;B02
201600019066;0.0;1;0;0.0;2.0;1.0;19.0;A01
201600019112;0.0;1;0;0.0;0.0;8.0;19.0;B02
201600019123;0.0;1;0;0.0;2.0;1.0;1.0;A01
201600019151;1.0;1;0;0.0;2.0;1.0;1.0;B02
201600019182;0.0;1;0;0.0;2.0;3.0;9.0;A01
201600019189;2.0;1;0;0.0;2.0;8.0;2.0;B02
201600019194;0.0;1;0;0.0;2.0;1.0;5.0;B02
201600019234;1.0;1;0;0.0;2.0;8.0;19.0;A01
201600019281;0.0;1;0;0.0;2.0;1.0;0.0;B01
201600019292;0.0;1;0;0.0;2.0;8.0;1.0;B02
201600019299;1.0;1;0;0.0;0.0;8.0;9.0;B02
201600019329;2.0;1;0;0.0;2.0;8.0;13.0;B02
201600019344;0.0;1;0;0.0;2.0;2.0;1.0;B02
201600019346;1.0;1;0;0.0;2.0;4.0;2.0;B02
201600019348;1.0;1;0;0.0;2.0;4.0;19.0;B02
201600019375;1.0;1;0;0.0;0.0;4.0;2.0;B02
201600019399;0.0;1;0;0.0;2.0;8.0;19.0;B02
201600019405;0.0;1;0;0.0;2.0;1.0;15.0;B02
201600019406;1.0;1;0;0.0;2.0;6.0;1.0;A01
201600019407;1.0;1;0;0.0;2.0;3.0;0.0;B02
201600019435;0.0;1;0;0.0;0.0;8.0;0.0;B02
201600019471;0.0;1;0;0.0;2.0;4.0;2.0;B02
201600019483;0.0;1;0;0.0;2.0;2.0;19.0;B02
201600019515;1.0;1;0;0.0;0.0;4.0;1.0;B01
201600019554;2.0;1;0;0.0;2.0;1.0;1.0;B02
201600019556;0.0;1;0;0.0;2.0;1.0;19.0;A01
201600019563;0.0;1;0;0.0;2.0;8.0;1.0;B02
201600019581;1.0;1;0;0.0;2.0;1.0;1.0;B02
201600019609;1.0;1;0;0.0;2.0;1.0;1.0;B02
201600019637;1.0;1;0;0.0;0.0;4.0;2.0;B02
201600019638;0.0;1;0;0.0;2.0;2.0;19.0;B02
201600019641;1.0;1;0;0.0;2.0;8.0;1.0;B02
201600019694;1.0;1;0;0.0;2.0;1.0;1.0;B01
201600019695;1.0;1;0;0.0;2.0;1.0;1.0;B01
201600019707;1.0;1;0;0.0;0.0;8.0;1.0;B02
201600019711;0.0;1;0;0.0;2.0;7.0;1.0;B02
201600019721;1.0;1;0;0.0;2.0;8.0;13.0;B01
201600019753;1.0;1;0;0.0;2.0;7.0;1.0;B01
201600019760;1.0;1;0;0.0;0.0;0.0;0.0;B01
201600019765;1.0;1;0;0.0;2.0;4.0;2.0;B01
201600019766;1.0;1;0;0.0;2.0;8.0;19.0;B01
201600019769;1.0;1;0;0.0;2.0;4.0;1.0;B01
201600019771;1.0;1;0;0.0;2.0;7.0;0.0;B01
201600019773;1.0;1;0;0.0;2.0;4.0;2.0;B01
201600019778;1.0;1;0;0.0;2.0;4.0;1.0;B01
201600019780;1.0;1;0;0.0;2.0;4.0;2.0;B01
201600019784;1.0;1;0;0.0;2.0;4.0;2.0;B01
201600019785;1.0;1;0;0.0;2.0;1.0;1.0;B01
201600019788;1.0;1;0;0.0;2.0;1.0;2.0;B01
201600019789;1.0;1;0;0.0;2.0;7.0;1.0;B01
201600019813;1.0;1;0;0.0;2.0;7.0;2.0;B01
201600019818;2.0;1;0;0.0;2.0;1.0;11.0;B01
201600019840;1.0;1;0;0.0;2.0;8.0;2.0;A01
201600019845;1.0;1;0;0.0;9.0;0.0;1.0;A01
201600019845;1.0;1;0;0.0;0.0;0.0;0.0;B01
201600019849;1.0;1;0;0.0;2.0;4.0;2.0;B01
201600019859;1.0;1;0;0.0;2.0;1.0;0.0;B01
201600019865;1.0;1;0;0.0;2.0;7.0;1.0;B01
201600019874;1.0;1;0;0.0;2.0;1.0;16.0;B01
201600019885;1.0;1;0;0.0;2.0;1.0;2.0;B01
201600019887;2.0;1;0;0.0;2.0;1.0;2.0;B01
201600019889;1.0;1;0;0.0;2.0;1.0;1.0;B01
201600019897;2.0;1;0;0.0;2.0;1.0;2.0;B01
201600019904;2.0;1;0;0.0;2.0;8.0;19.0;B01
201600019907;1.0;1;0;0.0;2.0;4.0;2.0;B01
201600019909;1.0;1;0;0.0;2.0;5.0;2.0;B01
201600019923;1.0;1;0;0.0;2.0;7.0;2.0;B01
201600019929;2.0;1;0;0.0;2.0;8.0;2.0;B01
201600019930;1.0;1;0;0.0;2.0;1.0;2.0;B01
201600019932;1.0;1;0;0.0;2.0;1.0;2.0;B01
201600019944;1.0;1;0;0.0;2.0;1.0;2.0;B01
201600019945;1.0;1;0;0.0;2.0;1.0;2.0;B01
201600019947;1.0;1;0;0.0;2.0;7.0;1.0;B01
201600019951;1.0;1;0;0.0;2.0;8.0;2.0;B01
201600019955;1.0;1;0;0.0;2.0;1.0;15.0;B01
201600019966;1.0;1;0;0.0;2.0;3.0;2.0;B01
201600019973;1.0;1;0;0.0;2.0;1.0;1.0;A01
201600019976;1.0;1;0;0.0;2.0;8.0;2.0;B01
201600019989;1.0;1;0;0.0;2.0;1.0;1.0;B01
201600019993;1.0;1;0;0.0;2.0;1.0;1.0;B01
201600020011;1.0;1;0;0.0;2.0;0.0;0.0;B01
201600020024;1.0;1;0;0.0;2.0;1.0;0.0;B01
201600020025;2.0;1;0;0.0;0.0;0.0;1.0;A01
201600020041;2.0;1;0;0.0;2.0;4.0;2.0;B01
201600020045;1.0;1;0;0.0;2.0;7.0;15.0;A01
201600020046;2.0;1;0;0.0;2.0;1.0;1.0;B01
201600020055;1.0;1;0;0.0;2.0;4.0;0.0;B01
201600020064;1.0;1;0;0.0;0.0;0.0;0.0;B01
201600020069;2.0;1;0;0.0;2.0;1.0;1.0;A01
201600020102;1.0;1;0;0.0;2.0;1.0;19.0;A01
201600020110;2.0;1;0;0.0;0.0;0.0;0.0;B01
201600020121;2.0;1;0;0.0;2.0;8.0;0.0;B01
201600020130;1.0;1;0;0.0;2.0;1.0;18.0;A01
201600020136;1.0;1;0;0.0;0.0;4.0;1.0;B01
201600020137;2.0;1;0;0.0;2.0;1.0;17.0;A01
201600020151;1.0;1;0;0.0;0.0;0.0;0.0;B01
201600020158;2.0;1;0;0.0;2.0;4.0;1.0;B01
201600020200;1.0;1;0;1.0;0.0;7.0;2.0;B02
201600020229;2.0;1;0;0.0;2.0;1.0;16.0;A01
201600020242;0.0;1;0;0.0;2.0;1.0;1.0;B02
201600020246;1.0;1;0;0.0;2.0;1.0;0.0;A01
201600020290;1.0;1;0;0.0;0.0;7.0;1.0;B02
201600020305;1.0;1;0;0.0;2.0;3.0;1.0;B02
201600020305;1.0;1;0;0.0;2.0;1.0;1.0;C03
201600020305;1.0;1;0;0.0;2.0;1.0;1.0;D04
201600020337;1.0;1;0;0.0;2.0;1.0;1.0;B02
201600020391;2.0;1;0;0.0;2.0;1.0;19.0;A01
201600020395;0.0;1;0;0.0;2.0;6.0;0.0;B01
201600020396;1.0;1;0;0.0;2.0;4.0;2.0;A01
201600020405;1.0;1;0;0.0;2.0;8.0;1.0;B02
201600020521;2.0;1;0;0.0;2.0;0.0;2.0;B01
201600020534;2.0;1;0;0.0;2.0;6.0;1.0;B02
201600020543;1.0;1;0;0.0;0.0;4.0;1.0;B02
201600020548;0.0;1;0;0.0;2.0;1.0;1.0;B02
201600020552;0.0;1;0;0.0;2.0;8.0;1.0;B02
201600020561;0.0;1;0;0.0;9.0;0.0;13.0;A01
201600020561;0.0;1;0;0.0;9.0;0.0;1.0;B02
201600020562;0.0;1;0;14.0;2.0;0.0;1.0;B02
201600020574;0.0;1;0;0.0;0.0;0.0;0.0;B02
201600020587;1.0;1;0;0.0;2.0;4.0;16.0;B01
201600020601;1.0;1;0;0.0;2.0;0.0;1.0;B01
201600020603;2.0;1;0;0.0;2.0;1.0;1.0;B01
201600020617;2.0;1;0;0.0;2.0;1.0;1.0;A01
201600020628;0.0;1;0;0.0;2.0;0.0;13.0;A01
201600020643;1.0;1;0;0.0;2.0;4.0;1.0;B01
201600020668;2.0;1;0;0.0;2.0;1.0;1.0;A01
201600020675;1.0;1;0;0.0;2.0;7.0;1.0;B01
201600020679;0.0;1;0;0.0;2.0;4.0;23.0;B01
201600020683;2.0;1;0;0.0;2.0;4.0;1.0;B01
201600020711;1.0;1;0;0.0;2.0;6.0;10.0;B02
201600020713;1.0;1;0;0.0;2.0;6.0;15.0;A01
201600020714;2.0;1;0;0.0;2.0;7.0;5.0;B02
201600020724;1.0;1;0;0.0;2.0;7.0;1.0;A01
201600020727;0.0;1;0;0.0;2.0;7.0;2.0;B01
201600020731;1.0;1;0;0.0;2.0;0.0;0.0;B01
201600020746;2.0;1;0;0.0;4.0;0.0;0.0;A01
201600020766;0.0;1;0;0.0;1.0;1.0;1.0;A01
201600020769;2.0;1;0;0.0;1.0;1.0;15.0;A01
201600020774;2.0;1;0;0.0;2.0;4.0;1.0;B01
201600020778;0.0;1;0;0.0;2.0;1.0;0.0;B01
201600020787;1.0;1;0;0.0;2.0;3.0;1.0;B01
201600020803;2.0;1;0;0.0;2.0;4.0;1.0;B01
201600020806;1.0;1;0;0.0;2.0;8.0;2.0;B01
201600020824;1.0;1;0;0.0;2.0;2.0;17.0;B01
201600020826;0.0;1;0;0.0;2.0;1.0;1.0;B01
201600020833;1.0;1;0;0.0;0.0;0.0;0.0;C01
201600020834;1.0;1;0;0.0;0.0;1.0;15.0;A01
201600020841;2.0;1;0;0.0;0.0;1.0;1.0;A01
201600020846;2.0;1;0;0.0;2.0;8.0;0.0;B01
201600020849;2.0;1;0;0.0;2.0;5.0;1.0;B01
201600020858;1.0;1;0;0.0;0.0;0.0;0.0;B01
201600020869;1.0;1;0;0.0;2.0;1.0;1.0;B01
201600020875;1.0;1;0;0.0;2.0;5.0;1.0;B01
201600020876;1.0;1;0;0.0;2.0;8.0;9.0;A01
201600020878;1.0;1;0;0.0;2.0;1.0;1.0;B01
201600020895;1.0;1;0;0.0;0.0;0.0;0.0;B01
201600020896;1.0;1;0;0.0;2.0;0.0;1.0;A01
201600020898;1.0;1;0;0.0;2.0;1.0;2.0;B01
201600020903;1.0;1;0;0.0;2.0;7.0;0.0;A01
201600020908;2.0;1;0;0.0;2.0;0.0;0.0;C01
201600020937;2.0;1;0;0.0;2.0;2.0;13.0;A01
201600020937;2.0;1;0;0.0;2.0;3.0;0.0;B01
201600020939;1.0;1;0;0.0;2.0;7.0;1.0;B01
201600020946;1.0;1;0;0.0;2.0;1.0;1.0;B01
201600020952;2.0;1;0;0.0;2.0;1.0;2.0;B01
201600020962;1.0;1;0;0.0;2.0;1.0;1.0;B01