Num_Acc;senc;catv;occutc;obs;obsm;choc;manv;num_veh
201600025208;1.0;1;0;0.0;2.0;1.0;1.0;B01
201600025218;2.0;1;0;0.0;2.0;0.0;1.0;B01
201600025222;1.0;1;0;0.0;2.0;8.0;9.0;A01
201600025240;1.0;1;0;0.0;2.0;8.0;19.0;A01
201600025246;2.0;1;0;0.0;2.0;1.0;1.0;B01
201600025247;2.0;1;0;0.0;2.0;1.0;1.0;B01
201600025248;0.0;1;0;0.0;2.0;3.0;15.0;A01
201600025250;0.0;1;0;0.0;2.0;1.0;1.0;B01
201600025253;0.0;1;0;0.0;2.0;7.0;1.0;B01
201600025255;2.0;1;0;0.0;2.0;1.0;1.0;B01
201600025256;0.0;1;0;0.0;2.0;1.0;19.0;A01
201600025260;2.0;1;0;0.0;2.0;0.0;1.0;B01
201600025263;1.0;1;0;0.0;2.0;0.0;1.0;B01
201600025267;0.0;1;0;0.0;2.0;4.0;1.0;B01
201600025274;0.0;1;0;0.0;2.0;1.0;1.0;C01
201600025274;0.0;1;0;0.0;2.0;1.0;1.0;B01
201600025283;0.0;1;0;0.0;2.0;8.0;1.0;B01
201600025286;0.0;1;0;0.0;0.0;0.0;1.0;B01
201600025288;0.0;1;0;0.0;2.0;1.0;1.0;B01
201600025296;0.0;1;0;0.0;2.0;1.0;1.0;A01
201600025301;0.0;1;0;0.0;2.0;8.0;19.0;A01
201600025305;0.0;1;0;0.0;2.0;7.0;1.0;B01
201600025311;0.0;1;0;0.0;2.0;8.0;7.0;A01
201600025317;0.0;1;0;0.0;2.0;3.0;1.0;B01
201600025318;0.0;1;0;0.0;2.0;1.0;1.0;A01
201600025320;0.0;1;0;0.0;2.0;1.0;1.0;B01
201600025326;0.0;1;0;0.0;0.0;1.0;1.0;B01
201600025328;0.0;1;0;0.0;2.0;7.0;1.0;B01
201600025331;0.0;1;0;0.0;0.0;0.0;1.0;B01
201600025339;0.0;1;0;0.0;2.0;1.0;1.0;B01
201600025344;0.0;1;0;0.0;2.0;7.0;1.0;A01
201600025372;2.0;1;0;0.0;2.0;8.0;2.0;B01
201600025374;1.0;1;0;0.0;2.0;1.0;2.0;A01
201600025375;0.0;1;0;0.0;2.0;1.0;1.0;B01
201600025377;1.0;1;0;0.0;2.0;1.0;1.0;B01
201600025379;0.0;1;0;0.0;0.0;0.0;1.0;B01
201600025382;0.0;1;0;1.0;0.0;7.0;1.0;B01
201600025384;0.0;1;0;0.0;2.0;0.0;21.0;A01
201600025391;1.0;1;0;0.0;2.0;7.0;1.0;B01
201600025406;0.0;1;0;0.0;2.0;1.0;21.0;A01
201600025408;0.0;1;0;0.0;2.0;1.0;1.0;A01
201600025409;0.0;1;0;0.0;0.0;0.0;21.0;A01
201600025418;0.0;1;0;0.0;0.0;0.0;0.0;A01
201600025419;0.0;1;0;0.0;2.0;4.0;1.0;B01
201600025433;0.0;1;0;0.0;2.0;8.0;19.0;B01
201600025434;0.0;1;0;0.0;2.0;4.0;1.0;B01
201600025438;0.0;1;0;0.0;2.0;1.0;1.0;B01
201600025443;0.0;1;0;0.0;2.0;1.0;1.0;B01
201600025454;0.0;1;0;14.0;0.0;1.0;1.0;A01
201600025458;0.0;1;0;0.0;2.0;0.0;1.0;B01
201600025468;0.0;1;0;0.0;1.0;1.0;1.0;A01
201600025477;0.0;1;0;0.0;2.0;8.0;15.0;B01
201600025504;0.0;1;0;0.0;2.0;6.0;13.0;B01
201600025517;0.0;1;0;0.0;2.0;8.0;1.0;A01
201600025534;0.0;1;0;0.0;1.0;1.0;1.0;A01
201600025543;0.0;1;0;0.0;2.0;1.0;1.0;A01
201600025575;0.0;1;0;0.0;0.0;0.0;1.0;B01
201600025582;0.0;1;0;8.0;0.0;1.0;1.0;A01
201600025600;0.0;1;0;0.0;2.0;1.0;1.0;B01
201600025611;0.0;1;0;0.0;2.0;1.0;1.0;A01
201600025615;1.0;1;0;12.0;0.0;1.0;1.0;A01
201600025632;0.0;1;0;0.0;0.0;4.0;15.0;B01
201600025633;0.0;1;0;0.0;2.0;1.0;1.0;B01
201600025648;2.0;1;0;12.0;0.0;1.0;16.0;A01
201600025650;1.0;1;0;0.0;2.0;4.0;1.0;B01
201600025652;0.0;1;0;0.0;0.0;0.0;1.0;A01
201600025653;0.0;1;0;0.0;2.0;1.0;1.0;A01
201600025677;0.0;1;0;0.0;1.0;1.0;1.0;A01
201600025689;0.0;1;0;0.0;2.0;1.0;1.0;C01
201600025689;0.0;1;0;0.0;0.0;0.0;0.0;B01
201600025695;0.0;1;0;0.0;2.0;1.0;1.0;B01
201600025716;0.0;1;0;0.0;2.0;3.0;0.0;B01
201600025724;0.0;1;0;0.0;1.0;1.0;1.0;A01
201600025725;0.0;1;0;0.0;2.0;8.0;1.0;B01
201600025730;0.0;1;0;0.0;2.0;8.0;19.0;B01
201600025740;0.0;1;0;0.0;2.0;3.0;1.0;B01
201600025748;0.0;1;0;0.0;2.0;1.0;1.0;B01
201600025752;0.0;1;0;0.0;0.0;1.0;1.0;A01
201600025753;0.0;1;0;0.0;0.0;0.0;1.0;A01
201600025755;0.0;1;0;0.0;2.0;2.0;1.0;B01
201600025764;0.0;1;0;0.0;0.0;0.0;0.0;B01
201600025765;0.0;1;0;0.0;1.0;5.0;0.0;A01
201600025768;0.0;1;0;0.0;0.0;0.0;0.0;B01
201600025768;0.0;1;0;0.0;0.0;0.0;0.0;A01
201600025777;0.0;1;0;0.0;2.0;1.0;1.0;B01
201600025780;0.0;1;0;0.0;0.0;0.0;0.0;A01
201600025786;0.0;1;0;0.0;2.0;1.0;1.0;B01
201600025791;0.0;1;0;0.0;2.0;1.0;1.0;B01
201600025805;0.0;1;0;0.0;1.0;1.0;1.0;A01
201600025806;0.0;1;0;0.0;2.0;1.0;1.0;B01
201600025808;0.0;1;0;0.0;2.0;8.0;18.0;A01
201600025832;0.0;1;0;0.0;1.0;1.0;1.0;B01
201600025834;0.0;1;0;0.0;0.0;0.0;0.0;A01
201600025840;1.0;1;0;0.0;0.0;8.0;1.0;A01
201600025846;1.0;1;0;0.0;2.0;7.0;1.0;B01
201600025847;0.0;1;0;0.0;9.0;0.0;0.0;A01
201600025847;0.0;1;0;0.0;9.0;0.0;0.0;B01
201600025849;0.0;1;0;0.0;0.0;0.0;1.0;A01
201600025852;0.0;1;0;0.0;2.0;7.0;19.0;B01
201600025854;0.0;1;0;0.0;2.0;1.0;0.0;B01
201600025854;0.0;1;0;0.0;2.0;1.0;0.0;A01
201600025874;0.0;1;0;0.0;2.0;2.0;1.0;B01
201600025878;2.0;1;0;0.0;2.0;1.0;1.0;B01
201600025881;0.0;1;0;0.0;0.0;0.0;0.0;A01
201600025882;0.0;1;0;0.0;2.0;1.0;1.0;B01
201600025884;0.0;1;0;0.0;2.0;6.0;1.0;B01
201600025885;0.0;1;0;0.0;1.0;1.0;1.0;A01
201600025889;0.0;1;0;0.0;2.0;8.0;2.0;B01
201600025891;0.0;1;0;0.0;0.0;0.0;0.0;A01
201600025892;0.0;1;0;0.0;2.0;5.0;9.0;A01
201600025898;1.0;1;0;0.0;2.0;7.0;19.0;B01
201600025900;1.0;1;0;1.0;0.0;1.0;1.0;B01
201600025914;1.0;1;0;0.0;0.0;7.0;16.0;A01
201600025917;0.0;1;0;0.0;2.0;1.0;15.0;A01
201600025925;1.0;1;0;0.0;0.0;0.0;0.0;B01
201600025940;2.0;1;0;1.0;0.0;1.0;14.0;A01
201600025943;2.0;1;0;0.0;2.0;3.0;1.0;B01
201600025947;1.0;1;0;0.0;2.0;1.0;1.0;B01
201600025949;1.0;1;0;0.0;2.0;1.0;1.0;B01
201600025950;1.0;1;0;0.0;2.0;1.0;13.0;B01
201600025951;1.0;1;0;12.0;0.0;1.0;1.0;A01
201600025965;0.0;1;0;0.0;2.0;5.0;2.0;B01
201600025971;1.0;1;0;15.0;0.0;1.0;1.0;A01
201600025972;2.0;1;0;0.0;2.0;1.0;13.0;A01
201600025975;1.0;1;0;0.0;2.0;1.0;2.0;B01
201600025975;1.0;1;0;0.0;2.0;1.0;2.0;A01
201600025978;1.0;1;0;0.0;2.0;8.0;1.0;B01
201600025988;1.0;1;0;0.0;2.0;1.0;1.0;B01
201600025996;1.0;1;0;16.0;0.0;1.0;2.0;A01
201600026000;1.0;1;0;0.0;2.0;1.0;15.0;A01
201600026025;2.0;1;0;0.0;2.0;1.0;14.0;A01
201600026025;1.0;1;0;0.0;2.0;1.0;1.0;Z01
201600026049;2.0;1;0;0.0;2.0;3.0;15.0;B01
201600026053;1.0;1;0;0.0;1.0;1.0;1.0;A01
201600026054;2.0;1;0;0.0;2.0;7.0;1.0;B01
201600026057;1.0;1;0;0.0;2.0;1.0;1.0;B01
201600026059;1.0;1;0;0.0;1.0;1.0;1.0;A01
201600026081;1.0;1;0;15.0;0.0;1.0;1.0;A01
201600026086;1.0;1;0;0.0;2.0;1.0;2.0;A01
201600026091;1.0;1;0;0.0;0.0;0.0;0.0;Z01
201600026107;1.0;1;0;0.0;2.0;3.0;1.0;G01
201600026121;1.0;1;0;0.0;0.0;0.0;1.0;B01
201600026130;1.0;1;0;8.0;4.0;1.0;16.0;A01
201600026138;2.0;1;0;0.0;0.0;0.0;0.0;B01
201600026139;1.0;1;0;0.0;4.0;2.0;7.0;A01
201600026140;1.0;1;0;0.0;0.0;0.0;0.0;B01
201600026146;1.0;1;0;0.0;2.0;4.0;1.0;D01
201600026151;1.0;1;0;0.0;2.0;1.0;1.0;B01
201600026155;1.0;1;0;0.0;4.0;2.0;1.0;B01
201600026157;1.0;1;0;0.0;2.0;1.0;1.0;A01
201600026172;1.0;1;0;0.0;2.0;1.0;1.0;B01
201600026177;1.0;1;0;0.0;2.0;4.0;13.0;B01
201600026179;1.0;1;0;0.0;0.0;0.0;0.0;B01
201600026186;2.0;1;0;0.0;4.0;1.0;19.0;A01
201600026193;1.0;1;0;0.0;2.0;7.0;3.0;A01
201600026196;1.0;1;0;0.0;0.0;0.0;0.0;B01
201600026200;1.0;1;0;0.0;2.0;1.0;13.0;A01
201600026200;2.0;1;0;0.0;2.0;1.0;1.0;B01
201600026201;2.0;1;0;0.0;2.0;0.0;1.0;B01
201600026216;1.0;1;0;0.0;0.0;0.0;0.0;B01
201600026219;1.0;1;0;0.0;0.0;0.0;0.0;B01
201600026221;1.0;1;0;0.0;2.0;1.0;5.0;B01
201600026225;2.0;1;0;0.0;2.0;1.0;0.0;A01
201600026233;1.0;1;0;0.0;2.0;1.0;2.0;A01
201600026241;2.0;1;0;1.0;0.0;1.0;1.0;B01
201600026242;0.0;1;0;0.0;0.0;1.0;19.0;A01
201600026261;2.0;1;0;0.0;2.0;1.0;19.0;A01
201600026314;1.0;1;0;0.0;1.0;1.0;1.0;A01
201600026325;0.0;1;0;0.0;2.0;0.0;0.0;B01
201600026329;2.0;1;0;0.0;2.0;8.0;0.0;B01
201600026331;1.0;1;0;0.0;2.0;4.0;19.0;B01
201600026336;1.0;1;0;0.0;2.0;8.0;0.0;B01
201600026341;2.0;1;0;0.0;2.0;1.0;1.0;B01
201600026355;0.0;1;0;0.0;2.0;0.0;19.0;B01
201600026365;2.0;1;0;0.0;2.0;0.0;0.0;B01
201600026389;2.0;1;0;0.0;0.0;0.0;0.0;A01
201600026399;0.0;1;0;0.0;2.0;1.0;1.0;B01
201600026409;2.0;1;0;0.0;2.0;6.0;0.0;A01
201600026414;0.0;1;0;0.0;2.0;1.0;1.0;B01
201600026419;1.0;1;0;0.0;2.0;8.0;0.0;B01
201600026421;1.0;1;0;0.0;2.0;1.0;0.0;C01
201600026421;1.0;1;0;0.0;2.0;1.0;0.0;B01
201600026422;1.0;1;0;0.0;2.0;1.0;1.0;A01
201600026433;0.0;1;0;0.0;2.0;1.0;0.0;B01
201600026438;0.0;1;0;0.0;2.0;1.0;1.0;B01
201600026442;0.0;1;0;0.0;2.0;1.0;0.0;A01
201600026461;0.0;1;0;0.0;2.0;8.0;1.0;B01
201600026479;0.0;1;0;0.0;2.0;4.0;1.0;B01
201600026496;0.0;1;0;0.0;2.0;1.0;1.0;B01
201600026512;0.0;1;0;0.0;2.0;1.0;1.0;A01
201600026540;0.0;1;0;0.0;2.0;1.0;1.0;B01
201600026544;0.0;1;0;0.0;2.0;1.0;1.0;B01
201600026559;0.0;1;0;0.0;2.0;4.0;1.0;B01
201600026577;0.0;1;0;0.0;2.0;7.0;16.0;B01
201600026579;0.0;1;0;0.0;2.0;2.0;2.0;B01
201600026603;1.0;1;0;0.0;2.0;7.0;1.0;B01
201600026709;1.0;1;0;0.0;0.0;0.0;0.0;A01
201600026729;1.0;1;0;0.0;2.0;8.0;1.0;B01
201600026733;1.0;1;0;0.0;2.0;8.0;19.0;A01
201600026750;2.0;1;0;0.0;2.0;3.0;18.0;B01
201600026764;1.0;1;0;0.0;1.0;7.0;1.0;A01
201600026769;1.0;1;0;12.0;0.0;0.0;1.0;A01
201600026770;1.0;1;0;0.0;2.0;0.0;15.0;B01
201600026773;1.0;1;0;0.0;0.0;0.0;0.0;B01
201600026777;0.0;1;0;0.0;2.0;1.0;1.0;B01
201600026780;0.0;1;0;1.0;0.0;0.0;1.0;B01
201600026781;1.0;1;0;1.0;0.0;0.0;1.0;B01
201600026785;0.0;1;0;0.0;2.0;0.0;0.0;B01
201600026786;1.0;1;0;0.0;2.0;1.0;2.0;B01
201600026797;0.0;1;0;0.0;2.0;0.0;0.0;B01
201600026800;0.0;1;0;0.0;2.0;0.0;0.0;B01
201600026802;1.0;1;0;0.0;2.0;7.0;1.0;B01
201600026810;0.0;1;0;0.0;2.0;1.0;1.0;A01
201600026817;0.0;1;0;0.0;0.0;0.0;0.0;B01
201600026822;0.0;1;0;0.0;2.0;0.0;0.0;B01
201600026834;0.0;1;0;0.0;2.0;0.0;0.0;B01
201600026838;0.0;1;0;0.0;0.0;0.0;0.0;A01
201600026843;0.0;1;0;0.0;2.0;0.0;0.0;A01
201600026846;0.0;1;0;0.0;2.0;0.0;0.0;B01
201600026850;0.0;1;0;0.0;2.0;0.0;0.0;B01
201600026854;0.0;1;0;0.0;0.0;0.0;0.0;A01
201600026855;0.0;1;0;0.0;4.0;0.0;0.0;A01
201600026866;0.0;1;0;0.0;1.0;0.0;0.0;A01
201600026869;0.0;1;0;0.0;2.0;0.0;0.0;A01
201600026874;1.0;1;0;0.0;2.0;0.0;0.0;B01
201600026895;0.0;1;0;0.0;2.0;0.0;0.0;A01
201600026899;0.0;1;0;0.0;9.0;0.0;0.0;B01
201600026906;0.0;1;0;0.0;1.0;0.0;0.0;Z01
201600026907;0.0;1;0;0.0;0.0;0.0;0.0;Z01
201600026907;0.0;1;0;0.0;2.0;0.0;0.0;A01
201600026910;0.0;1;0;0.0;2.0;3.0;0.0;B01
201600026917;1.0;1;0;0.0;0.0;0.0;0.0;B01
201600026940;0.0;1;0;0.0;1.0;1.0;0.0;A01
201600026949;0.0;1;0;0.0;2.0;0.0;0.0;A01
201600026956;0.0;1;0;0.0;1.0;0.0;0.0;A01
201600026957;0.0;1;0;0.0;1.0;0.0;0.0;A01
201600026965;0.0;1;0;0.0;2.0;0.0;0.0;A01
201600026967;0.0;1;0;0.0;2.0;0.0;0.0;A01
201600026969;1.0;1;0;0.0;2.0;0.0;0.0;B01
201600026969;1.0;1;0;0.0;2.0;0.0;0.0;C01
201600026969;1.0;1;0;0.0;2.0;0.0;0.0;D01
201600026978;1.0;1;0;0.0;2.0;0.0;0.0;B01
201600026982;0.0;1;0;1.0;0.0;0.0;0.0;B01
201600026987;0.0;1;0;0.0;2.0;0.0;0.0;B01
201600026990;1.0;1;0;0.0;2.0;0.0;0.0;B01
201600026995;0.0;1;0;0.0;0.0;0.0;0.0;A01
201600026998;0.0;1;0;0.0;2.0;0.0;0.0;A01
201600027002;0.0;1;0;0.0;2.0;0.0;0.0;B01
201600027007;0.0;1;0;0.0;2.0;1.0;9.0;B01
201600027009;0.0;1;0;0.0;2.0;0.0;0.0;B01
201600027014;0.0;1;0;0.0;2.0;0.0;0.0;B01
201600027015;0.0;1;0;0.0;2.0;0.0;0.0;B01
201600027017;0.0;1;0;0.0;2.0;0.0;0.0;B01
201600027021;0.0;1;0;0.0;2.0;0.0;0.0;B01
201600027025;0.0;1;0;0.0;1.0;0.0;0.0;A01
201600027029;0.0;1;0;0.0;2.0;0.0;1.0;A01
201600027032;0.0;1;0;0.0;2.0;1.0;1.0;B01
201600027034;0.0;1;0;0.0;2.0;0.0;0.0;B01
201600027036;0.0;1;0;0.0;2.0;0.0;0.0;B01
201600027037;0.0;1;0;0.0;2.0;0.0;0.0;B01
201600027053;0.0;1;0;0.0;0.0;0.0;0.0;A01
201600027064;0.0;1;0;0.0;1.0;0.0;0.0;Z01
201600027066;0.0;1;0;0.0;1.0;0.0;0.0;A01
201600027072;0.0;1;0;0.0;4.0;0.0;0.0;A01
201600027073;0.0;1;0;0.0;2.0;0.0;0.0;B01
201600027077;0.0;1;0;0.0;2.0;0.0;0.0;B01
201600027080;0.0;1;0;0.0;2.0;0.0;0.0;A01
201600027084;0.0;1;0;0.0;0.0;0.0;0.0;B01
201600027088;1.0;1;0;0.0;1.0;0.0;0.0;A01
201600027090;0.0;1;0;0.0;2.0;0.0;0.0;B01
201600027100;0.0;1;0;0.0;2.0;0.0;0.0;B01
201600027101;0.0;1;0;0.0;2.0;0.0;0.0;B01
201600027108;0.0;1;0;0.0;0.0;0.0;0.0;B01
201600027109;0.0;1;0;0.0;2.0;4.0;1.0;B01
201600027113;0.0;1;0;0.0;1.0;0.0;0.0;A01
201600027119;2.0;1;0;0.0;2.0;1.0;9.0;B01
201600027129;0.0;1;0;1.0;0.0;2.0;1.0;B01
201600027141;0.0;1;0;0.0;2.0;1.0;1.0;B01
201600027150;0.0;1;0;0.0;2.0;4.0;1.0;B01
201600027151;0.0;1;0;0.0;2.0;2.0;1.0;B01
201600027154;0.0;1;0;0.0;2.0;6.0;19.0;B01
201600027155;1.0;1;0;0.0;2.0;1.0;1.0;B01
201600027169;1.0;1;0;0.0;2.0;1.0;1.0;A01
201600027170;0.0;1;0;0.0;2.0;8.0;19.0;B01
201600027172;0.0;1;0;0.0;2.0;1.0;15.0;B01
201600027181;2.0;1;0;0.0;2.0;1.0;1.0;B01
201600027185;0.0;1;0;0.0;2.0;8.0;1.0;B01
201600027186;2.0;1;0;0.0;2.0;8.0;2.0;B01
201600027188;0.0;1;0;0.0;2.0;1.0;19.0;B01
201600027190;0.0;1;0;0.0;0.0;0.0;0.0;A01
201600027208;2.0;1;0;0.0;2.0;1.0;1.0;B01
201600027219;0.0;1;0;0.0;2.0;8.0;15.0;B01
201600027230;0.0;1;0;0.0;2.0;1.0;1.0;A01
201600027232;1.0;1;0;0.0;2.0;1.0;1.0;A01
201600027243;1.0;1;0;0.0;2.0;3.0;9.0;A01
201600027244;0.0;1;0;0.0;1.0;1.0;0.0;A01
201600027248;0.0;1;0;12.0;2.0;7.0;17.0;A01
201600027253;0.0;1;0;0.0;2.0;3.0;19.0;B01
201600027258;1.0;1;0;0.0;2.0;3.0;1.0;B01
201600027261;0.0;1;0;1.0;0.0;1.0;1.0;A01
201600027284;1.0;1;0;0.0;2.0;7.0;19.0;B01
201600027289;1.0;1;0;0.0;2.0;8.0;1.0;B01
201600027302;1.0;1;0;0.0;2.0;1.0;1.0;B01
201600027303;1.0;1;0;0.0;2.0;3.0;1.0;B01
201600027310;1.0;1;0;0.0;2.0;1.0;19.0;B01
201600027312;1.0;1;0;0.0;2.0;3.0;1.0;B01
201600027322;1.0;1;0;0.0;2.0;0.0;1.0;B01
201600027322;1.0;1;0;0.0;2.0;0.0;1.0;A01
201600027344;1.0;1;0;0.0;2.0;8.0;2.0;A01
201600027345;1.0;1;0;0.0;2.0;7.0;1.0;B01
201600027359;1.0;1;0;0.0;2.0;8.0;2.0;B01
201600027383;0.0;1;0;0.0;0.0;7.0;1.0;B01
201600027385;0.0;1;0;0.0;2.0;1.0;21.0;B01
201600027390;1.0;1;0;0.0;2.0;1.0;17.0;B01
201600027404;0.0;1;0;0.0;2.0;4.0;1.0;B01
201600027412;0.0;1;0;0.0;2.0;1.0;1.0;A01
201600027415;0.0;1;0;0.0;2.0;1.0;1.0;B01
201600027416;0.0;1;0;0.0;0.0;0.0;1.0;A01
201600027423;0.0;1;0;0.0;2.0;0.0;0.0;B01
201600027430;0.0;1;0;0.0;0.0;0.0;1.0;A01
201600027431;0.0;1;0;0.0;2.0;0.0;1.0;B01
201600027435;0.0;1;0;0.0;2.0;7.0;1.0;A01
201600027441;0.0;1;0;0.0;1.0;1.0;1.0;A01
201600027443;0.0;1;0;0.0;2.0;7.0;1.0;B01
201600027452;0.0;1;0;0.0;2.0;1.0;1.0;A01
201600027453;0.0;1;0;0.0;0.0;0.0;1.0;A01
201600027460;0.0;1;0;0.0;2.0;2.0;1.0;B01
201600027463;0.0;1;0;0.0;0.0;0.0;0.0;B01
201600027478;0.0;1;0;0.0;2.0;1.0;1.0;B01
201600027482;0.0;1;0;0.0;0.0;0.0;1.0;A01
201600027485;0.0;1;0;0.0;2.0;1.0;1.0;A01
201600027505;0.0;1;0;0.0;2.0;0.0;1.0;B01
201600027506;0.0;1;0;0.0;2.0;6.0;1.0;B01
201600027507;0.0;1;0;0.0;0.0;0.0;1.0;A01
201600027522;0.0;1;0;0.0;2.0;1.0;1.0;B01
201600027531;0.0;1;0;0.0;0.0;0.0;0.0;B01
201600027534;0.0;1;0;0.0;2.0;0.0;1.0;B01
201600027537;2.0;1;0;0.0;2.0;1.0;1.0;B01
201600027542;0.0;1;0;0.0;0.0;0.0;0.0;B01
201600027545;0.0;1;0;0.0;2.0;7.0;15.0;B01
201600027548;0.0;1;0;0.0;0.0;1.0;0.0;A01
201600027549;0.0;1;0;0.0;0.0;8.0;0.0;A01
201600027557;0.0;1;0;0.0;0.0;3.0;0.0;A01
201600027558;0.0;1;0;0.0;0.0;3.0;0.0;A01
201600027559;1.0;1;0;12.0;0.0;0.0;0.0;A01
201600027575;0.0;1;0;0.0;0.0;0.0;0.0;B01
201600027576;2.0;1;0;0.0;2.0;1.0;1.0;B01
201600027577;0.0;1;0;0.0;2.0;0.0;0.0;B01
201600027580;0.0;1;0;0.0;0.0;0.0;0.0;A01
201600027582;0.0;1;0;0.0;0.0;0.0;0.0;A01
201600027587;0.0;1;0;0.0;2.0;0.0;0.0;B01
201600027589;1.0;1;0;0.0;1.0;1.0;5.0;A01
201600027592;0.0;1;0;0.0;2.0;4.0;1.0;B01
201600027594;1.0;1;0;0.0;1.0;0.0;0.0;A01
201600027595;1.0;1;0;12.0;0.0;1.0;1.0;A01
201600027609;1.0;1;0;0.0;0.0;0.0;0.0;A01
201600027614;1.0;1;0;0.0;0.0;0.0;0.0;B01
201600027615;0.0;1;0;1.0;0.0;1.0;1.0;B01
201600027616;1.0;1;0;0.0;2.0;8.0;1.0;B01
201600027622;1.0;1;0;0.0;2.0;1.0;1.0;A01
201600027624;1.0;1;0;0.0;2.0;1.0;1.0;B01
201600027627;2.0;1;0;0.0;2.0;0.0;0.0;B01
201600027628;1.0;1;0;0.0;2.0;1.0;1.0;A01
201600027639;0.0;1;0;0.0;2.0;0.0;0.0;B01
201600027644;0.0;1;0;0.0;0.0;0.0;0.0;B01
201600027649;0.0;1;0;0.0;1.0;0.0;0.0;A01
201600027651;0.0;1;0;1.0;0.0;1.0;1.0;A01
201600027660;0.0;1;0;0.0;1.0;2.0;0.0;A01
201600027678;0.0;1;0;0.0;0.0;8.0;1.0;B01
201600027682;0.0;1;0;0.0;0.0;0.0;11.0;A01
201600027688;0.0;1;0;0.0;1.0;0.0;0.0;A01
201600027697;0.0;1;0;0.0;0.0;0.0;0.0;B01
201600027707;0.0;1;0;0.0;2.0;1.0;0.0;B01
201600027709;0.0;1;0;0.0;2.0;3.0;1.0;A01
201600027712;0.0;1;0;0.0;0.0;0.0;21.0;B01
201600027713;0.0;1;0;0.0;2.0;1.0;1.0;B01
201600027723;0.0;1;0;0.0;0.0;0.0;1.0;A01
201600027727;0.0;1;0;0.0;2.0;8.0;1.0;B01
201600027730;0.0;1;0;0.0;2.0;1.0;1.0;B01
201600027730;0.0;1;0;0.0;2.0;1.0;1.0;C01
201600027737;0.0;1;0;0.0;0.0;0.0;1.0;A01
201600027740;0.0;1;0;0.0;2.0;0.0;1.0;B01
201600027748;0.0;1;0;0.0;2.0;1.0;1.0;B01
201600027762;0.0;1;0;0.0;2.0;1.0;1.0;B01
201600027768;2.0;1;0;0.0;2.0;6.0;1.0;B01
201600027770;1.0;1;0;0.0;2.0;1.0;1.0;B01
201600027789;0.0;1;0;0.0;2.0;3.0;1.0;B01
201600027797;0.0;1;0;0.0;2.0;0.0;1.0;B01
201600027810;0.0;1;0;0.0;2.0;0.0;1.0;B01
201600027820;0.0;1;0;0.0;1.0;1.0;1.0;A01
201600027824;1.0;1;0;0.0;2.0;5.0;2.0;B01
201600027833;0.0;1;0;0.0;2.0;0.0;1.0;B01
201600027834;0.0;1;0;0.0;0.0;0.0;0.0;B01
201600027843;1.0;1;0;0.0;2.0;3.0;1.0;B01
201600027845;2.0;1;0;0.0;2.0;1.0;2.0;B01
201600027854;0.0;1;0;0.0;2.0;1.0;0.0;B01
201600027882;1.0;1;0;0.0;2.0;8.0;16.0;B01
201600027897;2.0;1;0;0.0;2.0;1.0;1.0;A01
201600027903;2.0;1;0;0.0;2.0;8.0;19.0;A01
201600027906;2.0;1;0;0.0;2.0;1.0;9.0;B01
201600027910;2.0;1;0;0.0;2.0;2.0;1.0;B01
201600027915;2.0;1;0;0.0;2.0;1.0;0.0;B01
201600027929;0.0;1;0;0.0;2.0;1.0;1.0;B01
201600027955;0.0;1;0;0.0;2.0;1.0;5.0;A01
201600027970;0.0;1;0;12.0;0.0;8.0;21.0;A01
201600027991;0.0;1;0;0.0;1.0;1.0;1.0;A01
201600027992;1.0;1;0;0.0;0.0;1.0;1.0;A01
201600028000;0.0;1;0;0.0;0.0;1.0;1.0;A01
201600028001;0.0;1;0;0.0;2.0;2.0;19.0;B01
201600028003;0.0;1;0;0.0;0.0;1.0;1.0;A01
201600028016;0.0;1;0;1.0;0.0;1.0;13.0;B01
201600028019;0.0;1;0;16.0;0.0;1.0;1.0;A01
201600028027;0.0;1;0;0.0;2.0;1.0;1.0;B01
201600028029;0.0;1;0;0.0;2.0;1.0;1.0;B01
201600028050;0.0;1;0;0.0;2.0;8.0;23.0;B01
201600028051;1.0;1;0;0.0;2.0;1.0;1.0;B01
201600028057;0.0;1;0;0.0;2.0;1.0;1.0;A01
201600028068;2.0;1;0;0.0;2.0;8.0;1.0;B01
201600028076;0.0;1;0;0.0;2.0;1.0;23.0;C01
201600028081;1.0;1;0;0.0;2.0;2.0;1.0;B01
201600028095;2.0;1;0;0.0;2.0;1.0;1.0;A01
201600028112;1.0;1;0;0.0;2.0;1.0;19.0;B01
201600028114;1.0;1;0;0.0;2.0;4.0;1.0;B01
201600028132;1.0;1;0;0.0;2.0;0.0;1.0;B01
201600028171;2.0;1;0;0.0;2.0;0.0;1.0;B01
201600028176;0.0;1;0;0.0;1.0;1.0;1.0;A01
201600028195;2.0;1;0;0.0;2.0;1.0;2.0;B01
201600028196;1.0;1;0;0.0;2.0;8.0;0.0;A01