Num_Acc;senc;catv;occutc;obs;obsm;choc;manv;num_veh
201600028204;1.0;1;0;0.0;2.0;8.0;19.0;B01
201600028205;1.0;1;0;0.0;2.0;8.0;1.0;B01
201600028233;2.0;1;0;1.0;0.0;1.0;1.0;B01
201600028235;0.0;1;0;0.0;2.0;5.0;15.0;A01
201600028243;0.0;1;0;0.0;2.0;0.0;0.0;B01
201600028270;2.0;1;0;0.0;2.0;1.0;1.0;A01
201600028278;1.0;1;0;0.0;2.0;4.0;2.0;B01
201600028285;0.0;1;0;0.0;2.0;1.0;5.0;A01
201600028299;0.0;1;0;0.0;2.0;7.0;19.0;B01
201600028311;1.0;1;0;0.0;2.0;1.0;1.0;B01
201600028314;2.0;1;0;0.0;2.0;6.0;19.0;B01
201600028318;2.0;1;0;0.0;2.0;1.0;0.0;A01
201600028326;0.0;1;0;0.0;2.0;7.0;19.0;B01
201600028334;0.0;1;0;0.0;2.0;4.0;1.0;B01
201600028358;2.0;1;0;0.0;2.0;1.0;0.0;A01
201600028360;1.0;1;0;0.0;4.0;1.0;5.0;A01
201600028362;0.0;1;0;0.0;2.0;0.0;0.0;B01
201600028368;0.0;1;0;0.0;2.0;0.0;0.0;A01
201600028369;0.0;1;0;0.0;2.0;0.0;0.0;B01
201600028378;1.0;1;0;0.0;2.0;1.0;2.0;A01
201600028389;1.0;1;0;0.0;2.0;0.0;0.0;B01
201600028411;0.0;1;0;0.0;2.0;0.0;0.0;A01
201600028412;1.0;1;0;0.0;1.0;0.0;15.0;A01
201600028419;2.0;1;0;0.0;2.0;1.0;1.0;B01
201600028432;0.0;1;0;0.0;2.0;8.0;19.0;B01
201600028434;2.0;1;0;0.0;2.0;1.0;18.0;A01
201600028436;0.0;1;0;0.0;2.0;0.0;0.0;B01
201600028443;0.0;1;0;0.0;2.0;4.0;2.0;B01
201600028445;0.0;1;0;0.0;2.0;0.0;0.0;B01
201600028481;1.0;1;0;0.0;2.0;2.0;19.0;B01
201600028482;2.0;1;0;0.0;2.0;0.0;0.0;A01
201600028483;2.0;1;0;0.0;2.0;7.0;0.0;B01
201600028488;0.0;1;0;0.0;2.0;1.0;1.0;A01
201600028505;2.0;1;0;0.0;2.0;1.0;0.0;B01
201600028511;2.0;1;0;0.0;2.0;1.0;1.0;B01
201600028513;1.0;1;0;0.0;2.0;4.0;2.0;B01
201600028522;2.0;1;0;0.0;2.0;1.0;1.0;B01
201600028524;1.0;1;0;8.0;0.0;1.0;14.0;A01
201600028526;0.0;1;0;0.0;0.0;0.0;0.0;A01
201600028533;0.0;1;0;0.0;2.0;8.0;21.0;B01
201600028535;2.0;1;0;0.0;0.0;7.0;2.0;A01
201600028556;2.0;1;0;0.0;0.0;0.0;0.0;B01
201600028629;1.0;1;0;0.0;2.0;8.0;2.0;B01
201600028648;2.0;1;0;0.0;1.0;1.0;1.0;A01
201600028657;1.0;1;0;0.0;2.0;1.0;19.0;A01
201600028658;1.0;1;0;0.0;2.0;0.0;0.0;Z01
201600028662;1.0;1;0;0.0;1.0;0.0;0.0;Z01
201600028681;1.0;1;0;0.0;2.0;1.0;1.0;B01
201600028684;1.0;1;0;0.0;2.0;8.0;1.0;B01
201600028697;2.0;1;0;0.0;2.0;8.0;1.0;B01
201600028714;2.0;1;0;0.0;2.0;1.0;2.0;Z01
201600028715;1.0;1;0;0.0;2.0;4.0;1.0;A01
201600028726;1.0;1;0;0.0;2.0;1.0;1.0;A01
201600028730;2.0;1;0;0.0;2.0;7.0;19.0;B01
201600028735;1.0;1;0;0.0;2.0;1.0;1.0;A01
201600028738;0.0;1;0;0.0;2.0;0.0;0.0;Z01
201600028738;1.0;1;0;0.0;2.0;0.0;1.0;B01
201600028749;1.0;1;0;0.0;1.0;1.0;1.0;Z01
201600028761;1.0;1;0;0.0;4.0;0.0;0.0;A01
201600028770;1.0;1;0;0.0;2.0;1.0;19.0;B01
201600028777;1.0;1;0;0.0;2.0;1.0;1.0;B01
201600028786;1.0;1;0;0.0;2.0;8.0;16.0;A01
201600028798;1.0;1;0;0.0;2.0;7.0;19.0;A01
201600028821;2.0;1;0;0.0;2.0;1.0;1.0;B01
201600028825;2.0;1;0;0.0;2.0;8.0;1.0;B01
201600028829;1.0;1;0;0.0;2.0;7.0;19.0;A01
201600028831;1.0;1;0;0.0;2.0;1.0;19.0;A01
201600028838;1.0;1;0;0.0;2.0;8.0;1.0;B01
201600028846;2.0;1;0;0.0;2.0;4.0;19.0;B01
201600028849;2.0;1;0;0.0;2.0;1.0;1.0;B01
201600028852;0.0;1;0;0.0;1.0;0.0;0.0;Z01
201600028854;1.0;1;0;0.0;2.0;1.0;1.0;A01
201600028882;1.0;1;0;0.0;2.0;7.0;1.0;B01
201600028884;2.0;1;0;0.0;4.0;8.0;13.0;A01
201600028888;1.0;1;0;0.0;2.0;7.0;1.0;A01
201600028889;2.0;1;0;0.0;1.0;1.0;1.0;A01
201600028890;1.0;1;0;0.0;1.0;1.0;1.0;A01
201600028895;2.0;1;0;0.0;2.0;4.0;1.0;A01
201600028908;1.0;1;0;0.0;2.0;1.0;0.0;A01
201600028922;1.0;1;0;0.0;2.0;8.0;1.0;B01
201600028923;2.0;1;0;0.0;1.0;1.0;1.0;A01
201600028926;1.0;1;0;0.0;1.0;1.0;1.0;A01
201600028938;2.0;1;0;0.0;2.0;1.0;2.0;A01
201600028943;2.0;1;0;0.0;2.0;0.0;21.0;B01
201600028951;2.0;1;0;0.0;2.0;8.0;5.0;A01
201600028960;2.0;1;0;1.0;0.0;1.0;1.0;B01
201600029003;1.0;1;0;0.0;2.0;8.0;1.0;B01
201600029012;1.0;1;0;0.0;2.0;0.0;0.0;B01
201600029022;1.0;1;0;0.0;2.0;1.0;1.0;B01
201600029028;1.0;1;0;0.0;1.0;0.0;0.0;A01
201600029051;1.0;1;0;0.0;2.0;3.0;11.0;B01
201600029053;2.0;1;0;0.0;2.0;1.0;16.0;A01
201600029054;0.0;1;0;0.0;2.0;1.0;5.0;A01
201600029060;0.0;1;0;0.0;2.0;0.0;19.0;B01
201600029087;1.0;1;0;0.0;2.0;1.0;1.0;A01
201600029094;1.0;1;0;0.0;2.0;8.0;2.0;B01
201600029107;0.0;1;0;0.0;1.0;0.0;0.0;A01
201600029110;0.0;1;0;0.0;2.0;0.0;0.0;B01
201600029115;0.0;1;0;0.0;2.0;0.0;0.0;B01
201600029147;0.0;1;0;0.0;2.0;4.0;0.0;B01
201600029148;0.0;1;0;0.0;2.0;1.0;1.0;B01
201600029156;0.0;1;0;16.0;0.0;0.0;0.0;A01
201600029157;0.0;1;0;0.0;2.0;1.0;2.0;A01
201600029157;0.0;1;0;0.0;2.0;4.0;2.0;B01
201600029164;0.0;1;0;0.0;2.0;0.0;1.0;B01
201600029180;0.0;1;0;0.0;2.0;0.0;0.0;A01
201600029183;0.0;1;0;0.0;2.0;0.0;0.0;B01
201600029186;0.0;1;0;0.0;2.0;1.0;2.0;A01
201600029188;0.0;1;0;0.0;2.0;1.0;0.0;B01
201600029198;0.0;1;0;16.0;0.0;0.0;0.0;A01
201600029201;0.0;1;0;0.0;2.0;1.0;2.0;A01
201600029223;0.0;1;0;0.0;2.0;0.0;0.0;B01
201600029224;0.0;1;0;0.0;2.0;0.0;0.0;B01
201600029225;0.0;1;0;0.0;0.0;0.0;19.0;B01
201600029226;0.0;1;0;0.0;0.0;0.0;0.0;B01
201600029228;0.0;1;0;1.0;0.0;1.0;1.0;B01
201600029229;0.0;1;0;0.0;2.0;4.0;0.0;B01
201600029239;0.0;1;0;0.0;2.0;0.0;0.0;B01
201600029256;0.0;1;0;0.0;2.0;0.0;1.0;B01
201600029271;0.0;1;0;16.0;0.0;0.0;0.0;A01
201600029276;0.0;1;0;16.0;0.0;0.0;1.0;A01
201600029277;0.0;1;0;0.0;2.0;0.0;0.0;B01
201600029281;0.0;1;0;16.0;0.0;0.0;0.0;A01
201600029284;0.0;1;0;0.0;2.0;1.0;0.0;B01
201600029285;0.0;1;0;0.0;2.0;0.0;0.0;B01
201600029286;0.0;1;0;16.0;0.0;0.0;0.0;A01
201600029293;0.0;1;0;0.0;2.0;0.0;1.0;B01
201600029297;0.0;1;0;16.0;0.0;0.0;0.0;A01
201600029303;2.0;1;0;0.0;2.0;1.0;1.0;A01
201600029306;2.0;1;0;0.0;2.0;4.0;2.0;B01
201600029307;2.0;1;0;0.0;2.0;8.0;1.0;B01
201600029311;0.0;1;0;16.0;0.0;0.0;0.0;A01
201600029312;0.0;1;0;16.0;0.0;0.0;0.0;A01
201600029313;0.0;1;0;16.0;0.0;0.0;0.0;A01
201600029322;2.0;1;0;0.0;1.0;1.0;2.0;A01
201600029327;2.0;1;0;0.0;2.0;1.0;2.0;A01
201600029337;1.0;1;0;0.0;2.0;1.0;1.0;B01
201600029356;2.0;1;0;0.0;2.0;5.0;1.0;B01
201600029371;0.0;1;0;0.0;0.0;0.0;21.0;A01
201600029372;2.0;1;0;0.0;1.0;1.0;7.0;A01
201600029378;1.0;1;0;0.0;2.0;8.0;0.0;B01
201600029392;2.0;1;0;0.0;0.0;3.0;0.0;B02
201600029398;1.0;1;0;0.0;9.0;0.0;1.0;A01
201600029406;1.0;1;0;0.0;2.0;1.0;21.0;B01
201600029412;2.0;1;0;0.0;2.0;2.0;17.0;A01
201600029417;2.0;1;0;0.0;2.0;1.0;1.0;B01
201600029425;1.0;1;0;0.0;1.0;1.0;1.0;A01
201600029428;1.0;1;0;0.0;2.0;0.0;15.0;B01
201600029440;2.0;1;0;0.0;2.0;0.0;1.0;B01
201600029441;2.0;1;0;0.0;2.0;8.0;15.0;A01
201600029452;1.0;1;0;0.0;2.0;7.0;0.0;B01
201600029457;2.0;1;0;0.0;2.0;4.0;1.0;B01
201600029467;0.0;1;0;0.0;2.0;7.0;10.0;B02
201600029486;1.0;1;0;1.0;2.0;6.0;1.0;C01
201600029495;2.0;1;0;0.0;2.0;7.0;1.0;B01
201600029536;2.0;1;0;0.0;2.0;1.0;1.0;B01
201600029538;2.0;1;0;0.0;2.0;4.0;2.0;B01
201600029548;1.0;1;0;0.0;2.0;4.0;1.0;B01
201600029551;1.0;1;0;0.0;2.0;1.0;9.0;B01
201600029560;1.0;1;0;0.0;2.0;1.0;9.0;A01
201600029561;2.0;1;0;0.0;2.0;1.0;1.0;A01
201600029565;1.0;1;0;0.0;0.0;0.0;0.0;B01
201600029570;2.0;1;0;0.0;2.0;1.0;1.0;B01
201600029571;1.0;1;0;0.0;2.0;7.0;19.0;B01
201600029586;1.0;1;0;0.0;0.0;0.0;0.0;B01
201600029606;2.0;1;0;0.0;2.0;1.0;0.0;B01
201600029658;1.0;1;0;0.0;2.0;1.0;2.0;A01
201600029678;1.0;1;0;0.0;2.0;1.0;19.0;B01
201600029688;1.0;1;0;0.0;9.0;1.0;0.0;B01
201600029693;2.0;1;0;0.0;0.0;8.0;1.0;B02
201600029709;1.0;1;0;1.0;0.0;0.0;1.0;B01
201600029712;1.0;1;0;0.0;0.0;0.0;0.0;A01
201600029715;1.0;1;0;0.0;2.0;0.0;1.0;B01
201600029728;1.0;1;0;0.0;0.0;0.0;0.0;A01
201600029732;1.0;1;0;0.0;2.0;0.0;1.0;B01
201600029733;1.0;1;0;0.0;2.0;4.0;12.0;B01
201600029739;1.0;1;0;0.0;0.0;0.0;0.0;A01
201600029746;1.0;1;0;0.0;2.0;0.0;0.0;A01
201600029753;1.0;1;0;0.0;0.0;0.0;0.0;A01
201600029757;1.0;1;0;0.0;2.0;0.0;0.0;A01
201600029766;1.0;1;0;0.0;2.0;4.0;2.0;A01
201600029776;1.0;1;0;0.0;1.0;0.0;0.0;A01
201600029843;0.0;1;0;0.0;0.0;0.0;0.0;B01
201600029844;1.0;1;0;0.0;2.0;8.0;1.0;B01
201600029848;2.0;1;0;1.0;0.0;2.0;1.0;B01
201600029850;1.0;1;0;0.0;2.0;1.0;1.0;B01
201600029867;2.0;1;0;0.0;2.0;8.0;15.0;B01
201600029874;2.0;1;0;0.0;2.0;4.0;2.0;B01
201600029889;1.0;1;0;0.0;2.0;2.0;9.0;B01
201600029891;0.0;1;0;0.0;0.0;4.0;1.0;B01
201600029900;1.0;1;0;0.0;2.0;1.0;1.0;A01
201600029900;2.0;1;0;0.0;0.0;0.0;0.0;B01
201600029909;0.0;1;0;0.0;0.0;0.0;0.0;B01
201600029934;2.0;1;0;0.0;2.0;4.0;13.0;B01
201600029937;1.0;1;0;0.0;2.0;5.0;0.0;B01
201600029938;2.0;1;0;0.0;1.0;0.0;0.0;A01
201600029942;2.0;1;0;0.0;2.0;8.0;15.0;B01
201600029948;1.0;1;0;0.0;2.0;0.0;0.0;B01
201600029953;2.0;1;0;0.0;2.0;1.0;15.0;A01
201600029960;1.0;1;0;0.0;2.0;8.0;9.0;B01
201600029982;1.0;1;0;0.0;0.0;0.0;0.0;B01
201600029987;1.0;1;0;0.0;2.0;3.0;1.0;A01
201600029993;1.0;1;0;0.0;2.0;3.0;16.0;A01
201600029996;1.0;1;0;0.0;2.0;0.0;0.0;B01
201600030017;0.0;1;0;0.0;0.0;0.0;0.0;Z01
201600030017;0.0;1;0;0.0;0.0;0.0;0.0;B01
201600030033;0.0;1;0;0.0;0.0;0.0;0.0;B01
201600030033;0.0;1;0;0.0;0.0;0.0;0.0;A01
201600030034;1.0;1;0;0.0;2.0;8.0;1.0;B01
201600030039;1.0;1;0;0.0;2.0;0.0;0.0;B01
201600030061;2.0;1;0;0.0;2.0;7.0;2.0;B01
201600030063;0.0;1;0;0.0;2.0;0.0;0.0;A01
201600030067;1.0;1;0;0.0;2.0;8.0;15.0;B01
201600030073;2.0;1;0;0.0;2.0;0.0;0.0;A01
201600030076;2.0;1;0;0.0;2.0;1.0;0.0;B01
201600030095;1.0;1;0;0.0;2.0;1.0;1.0;B01
201600030110;1.0;1;0;0.0;2.0;8.0;0.0;B01
201600030124;1.0;1;0;9.0;2.0;4.0;1.0;B01
201600030131;1.0;1;0;0.0;2.0;0.0;0.0;B01
201600030137;1.0;1;0;0.0;2.0;1.0;15.0;A01
201600030141;0.0;1;0;0.0;2.0;0.0;19.0;A01
201600030147;2.0;1;0;0.0;2.0;1.0;1.0;B01
201600030152;1.0;1;0;0.0;2.0;1.0;2.0;B01
201600030157;0.0;1;0;0.0;2.0;1.0;2.0;B01
201600030164;2.0;1;0;0.0;2.0;2.0;2.0;B01
201600030164;1.0;1;0;0.0;2.0;3.0;16.0;A01
201600030176;2.0;1;0;0.0;2.0;4.0;1.0;B01
201600030183;2.0;1;0;0.0;0.0;0.0;1.0;B01
201600030184;2.0;1;0;0.0;2.0;8.0;2.0;B01
201600030189;1.0;1;0;0.0;2.0;0.0;0.0;B01
201600030192;2.0;1;0;0.0;2.0;8.0;0.0;B01
201600030203;0.0;1;0;0.0;0.0;0.0;0.0;B01
201600030204;1.0;1;0;0.0;0.0;1.0;19.0;B01
201600030207;0.0;1;0;0.0;2.0;8.0;19.0;B01
201600030207;0.0;1;0;0.0;2.0;8.0;19.0;C01
201600030214;1.0;1;0;0.0;2.0;0.0;0.0;B01
201600030225;1.0;1;0;0.0;1.0;1.0;1.0;A01
201600030226;2.0;1;0;0.0;2.0;4.0;1.0;B01
201600030231;1.0;1;0;0.0;2.0;1.0;19.0;A01
201600030243;2.0;1;0;1.0;0.0;1.0;1.0;B01
201600030245;0.0;1;0;0.0;2.0;1.0;0.0;A01
201600030290;0.0;1;0;0.0;2.0;4.0;1.0;Y01
201600030293;2.0;1;0;0.0;2.0;1.0;1.0;B01
201600030320;0.0;1;0;0.0;2.0;1.0;0.0;B01
201600030333;2.0;1;0;0.0;2.0;1.0;5.0;A01
201600030341;0.0;1;0;0.0;2.0;1.0;9.0;B01
201600030352;0.0;1;0;0.0;0.0;0.0;16.0;A01
201600030357;0.0;1;0;0.0;2.0;4.0;0.0;Z01
201600030357;1.0;1;0;0.0;0.0;0.0;0.0;B01
201600030366;2.0;1;0;0.0;2.0;7.0;19.0;B01
201600030374;0.0;1;0;0.0;2.0;1.0;19.0;A01
201600030385;0.0;1;0;0.0;2.0;1.0;1.0;B01
201600030386;0.0;1;0;0.0;0.0;0.0;0.0;Z01
201600030406;0.0;1;0;0.0;0.0;0.0;0.0;B01
201600030414;1.0;1;0;0.0;2.0;1.0;1.0;B01
201600030426;0.0;1;0;0.0;0.0;0.0;0.0;B01
201600030442;1.0;1;0;0.0;2.0;1.0;1.0;Y01
201600030481;0.0;1;0;0.0;0.0;7.0;6.0;B01
201600030492;0.0;1;0;0.0;2.0;8.0;0.0;B01
201600030493;0.0;1;0;0.0;2.0;0.0;0.0;B01
201600030501;0.0;1;0;0.0;1.0;0.0;0.0;Z01
201600030537;0.0;1;0;0.0;2.0;2.0;0.0;B01
201600030539;2.0;1;0;0.0;2.0;1.0;1.0;B01
201600030562;1.0;1;0;0.0;2.0;2.0;19.0;B01
201600030575;0.0;1;0;0.0;1.0;0.0;0.0;Z01
201600030584;0.0;1;0;0.0;2.0;4.0;1.0;B01
201600030585;0.0;1;0;0.0;2.0;4.0;1.0;B01
201600030589;0.0;1;0;0.0;2.0;7.0;1.0;B01
201600030590;1.0;1;0;0.0;2.0;8.0;0.0;B01
201600030601;0.0;1;0;0.0;1.0;1.0;1.0;Z01
201600030635;0.0;1;0;1.0;0.0;1.0;2.0;A01
201600030651;2.0;1;0;0.0;2.0;1.0;16.0;A01
201600030655;2.0;1;0;0.0;2.0;7.0;1.0;B02
201600030676;1.0;1;0;0.0;1.0;0.0;0.0;A01
201600030691;1.0;1;0;0.0;2.0;4.0;1.0;B02
201600030697;1.0;1;0;0.0;2.0;1.0;1.0;B02
201600030702;1.0;1;0;0.0;2.0;1.0;1.0;B02
201600030707;2.0;1;0;0.0;2.0;1.0;1.0;B01
201600030716;2.0;1;0;0.0;2.0;1.0;1.0;C01
201600030716;2.0;1;0;0.0;2.0;1.0;1.0;B01
201600030719;1.0;1;0;0.0;2.0;1.0;1.0;B01
201600030721;2.0;1;0;0.0;2.0;1.0;1.0;A01
201600030728;2.0;1;0;0.0;2.0;8.0;19.0;B01
201600030751;1.0;1;0;0.0;2.0;8.0;0.0;B01
201600030752;2.0;1;0;0.0;2.0;7.0;19.0;B01
201600030765;0.0;1;0;0.0;2.0;1.0;19.0;B01
201600030778;0.0;1;0;6.0;2.0;1.0;1.0;B02
201600030807;2.0;1;0;0.0;2.0;1.0;1.0;Y01
201600030812;2.0;1;0;0.0;2.0;8.0;1.0;B01
201600030816;2.0;1;0;0.0;2.0;8.0;2.0;B01
201600030817;2.0;1;0;0.0;2.0;2.0;1.0;B01
201600030826;1.0;1;0;0.0;2.0;5.0;1.0;B01
201600030827;1.0;1;0;12.0;0.0;1.0;1.0;A01
201600030828;2.0;1;0;0.0;2.0;8.0;15.0;A01
201600030830;2.0;1;0;0.0;2.0;8.0;19.0;B01
201600030832;0.0;1;0;0.0;2.0;2.0;1.0;B01
201600030858;1.0;1;0;0.0;2.0;7.0;1.0;B02
201600030867;1.0;1;0;0.0;2.0;8.0;1.0;B01
201600030877;2.0;1;0;0.0;0.0;0.0;2.0;B01
201600030893;0.0;1;0;0.0;0.0;0.0;0.0;B01
201600030902;1.0;1;0;0.0;2.0;2.0;1.0;B01
201600030912;1.0;1;0;0.0;2.0;8.0;0.0;A01
201600030930;1.0;1;0;0.0;2.0;7.0;1.0;B01
201600030932;1.0;1;0;0.0;2.0;5.0;1.0;B01
201600030946;1.0;1;0;0.0;2.0;1.0;19.0;A01
201600030950;1.0;1;0;0.0;2.0;4.0;1.0;C01
201600030958;0.0;1;0;0.0;0.0;0.0;0.0;B01
201600030974;1.0;1;0;0.0;0.0;0.0;0.0;A01
201600030975;1.0;1;0;0.0;2.0;8.0;19.0;B01
201600030989;2.0;1;0;0.0;1.0;0.0;0.0;A01
201600031007;1.0;1;0;0.0;2.0;3.0;1.0;A01
201600031019;0.0;1;0;0.0;0.0;0.0;0.0;B01
201600031027;2.0;1;0;0.0;0.0;4.0;2.0;B01
201600031060;2.0;1;0;0.0;2.0;8.0;0.0;B01
201600031073;0.0;1;0;0.0;2.0;1.0;19.0;A01
201600031074;1.0;1;0;9.0;2.0;1.0;1.0;B01
201600031105;2.0;1;0;0.0;0.0;0.0;0.0;B01
201600031115;2.0;1;0;0.0;2.0;7.0;1.0;A01
201600031120;2.0;1;0;0.0;2.0;8.0;15.0;B01
201600031149;1.0;1;0;0.0;2.0;7.0;15.0;A01
201600031150;0.0;1;0;0.0;2.0;3.0;15.0;A01
201600031151;1.0;1;0;1.0;0.0;1.0;3.0;B01
201600031163;1.0;1;0;0.0;2.0;1.0;13.0;A01
201600031165;1.0;1;0;0.0;2.0;4.0;2.0;B01
201600031169;0.0;1;0;0.0;2.0;1.0;19.0;B01
201600031174;1.0;1;0;0.0;2.0;8.0;0.0;B01
201600031188;1.0;1;0;1.0;2.0;1.0;1.0;B01
201600031199;0.0;1;0;0.0;2.0;4.0;1.0;B01
201600031204;1.0;1;0;0.0;2.0;1.0;1.0;B01
201600031216;1.0;1;0;0.0;2.0;1.0;19.0;B01
201600031244;1.0;1;0;0.0;2.0;1.0;19.0;A01
201600031245;2.0;1;0;0.0;2.0;1.0;0.0;B01
201600031254;1.0;1;0;0.0;0.0;0.0;0.0;B01
201600031266;0.0;1;0;0.0;0.0;0.0;0.0;B01
201600031288;1.0;1;0;0.0;0.0;0.0;0.0;B01
201600031294;1.0;1;0;0.0;2.0;1.0;1.0;B01
201600031297;2.0;1;0;0.0;0.0;0.0;0.0;B01
201600031316;2.0;1;0;0.0;2.0;2.0;1.0;B01
201600031352;0.0;1;0;0.0;0.0;0.0;1.0;A01
201600031371;1.0;1;0;0.0;2.0;8.0;0.0;A01
201600031399;0.0;1;0;0.0;2.0;1.0;0.0;B01
201600031399;1.0;1;0;0.0;2.0;1.0;1.0;C01
201600031402;0.0;1;0;0.0;0.0;0.0;0.0;A01
201600031425;0.0;1;0;0.0;2.0;1.0;5.0;A01
201600031425;0.0;1;0;0.0;2.0;1.0;1.0;B01
201600031474;0.0;1;0;0.0;9.0;7.0;19.0;B01
201600031479;0.0;1;0;0.0;2.0;1.0;18.0;A01
201600031486;0.0;1;0;0.0;2.0;8.0;1.0;B01
201600031507;0.0;1;0;0.0;2.0;1.0;1.0;B01
201600031513;1.0;1;0;0.0;2.0;4.0;16.0;B01
201600031520;0.0;1;0;0.0;2.0;0.0;1.0;B01
201600031531;0.0;1;0;0.0;2.0;1.0;1.0;B01
201600031541;0.0;1;0;0.0;2.0;1.0;1.0;A01
201600031543;0.0;1;0;0.0;2.0;4.0;16.0;B01
201600031548;0.0;1;0;0.0;2.0;1.0;1.0;B01
201600031556;0.0;1;0;0.0;2.0;7.0;1.0;B01
201600031566;0.0;1;0;0.0;2.0;1.0;1.0;B01
201600031575;0.0;1;0;0.0;2.0;4.0;2.0;B01
201600031576;;1;0;0.0;2.0;1.0;1.0;A01
201600031580;0.0;1;0;0.0;2.0;2.0;1.0;B01
201600031589;2.0;1;0;0.0;2.0;1.0;10.0;B01
201600031594;0.0;1;0;0.0;2.0;3.0;1.0;B01
201600031608;0.0;1;0;0.0;2.0;1.0;1.0;B01
201600031615;0.0;1;0;0.0;2.0;8.0;1.0;B01
201600031618;0.0;1;0;0.0;2.0;0.0;0.0;B01
201600031621;0.0;1;0;0.0;2.0;0.0;0.0;B01
201600031622;0.0;1;0;0.0;2.0;7.0;0.0;B01
201600031624;0.0;1;0;0.0;2.0;1.0;1.0;B01
201600031628;0.0;1;0;0.0;2.0;1.0;1.0;B01
201600031638;0.0;1;0;0.0;2.0;1.0;2.0;A01
201600031643;0.0;1;0;0.0;2.0;0.0;1.0;B01
201600031648;0.0;1;0;0.0;2.0;1.0;2.0;A01
201600031653;0.0;1;0;12.0;0.0;0.0;0.0;A01
201600031655;0.0;1;0;0.0;2.0;8.0;5.0;B01
201600031655;0.0;1;0;0.0;2.0;1.0;17.0;A01
201600031666;0.0;1;0;0.0;2.0;1.0;1.0;B01
201600031679;2.0;1;0;0.0;2.0;1.0;1.0;B01
201600031695;0.0;1;0;0.0;2.0;4.0;1.0;B01
201600031702;0.0;1;0;0.0;2.0;1.0;1.0;C01
201600031702;0.0;1;0;0.0;2.0;1.0;0.0;B01
201600031713;0.0;1;0;0.0;2.0;1.0;15.0;B01
201600031718;0.0;1;0;0.0;2.0;1.0;1.0;B01
201600031730;0.0;1;0;0.0;2.0;7.0;19.0;B01
201600031731;0.0;1;0;0.0;2.0;1.0;9.0;B01
201600031737;0.0;1;0;0.0;2.0;1.0;15.0;A01
201600031738;0.0;1;0;0.0;2.0;1.0;15.0;A01
201600031750;0.0;1;0;0.0;2.0;1.0;1.0;B01
201600031761;0.0;1;0;0.0;2.0;1.0;1.0;B01
201600031762;0.0;1;0;0.0;2.0;3.0;16.0;B01
201600031781;0.0;1;0;0.0;2.0;1.0;19.0;B01
201600031795;0.0;1;0;0.0;2.0;8.0;2.0;B01
201600031798;1.0;1;0;0.0;2.0;1.0;1.0;B01
201600031812;0.0;1;0;0.0;2.0;8.0;19.0;A01
201600031831;0.0;1;0;0.0;2.0;1.0;1.0;A01
201600031832;1.0;1;0;0.0;0.0;0.0;0.0;Z01
201600031842;2.0;1;0;0.0;2.0;1.0;1.0;B01
201600031849;2.0;1;0;0.0;2.0;2.0;1.0;B01
201600031854;2.0;1;0;0.0;2.0;1.0;1.0;B01
201600031860;1.0;1;0;0.0;0.0;0.0;0.0;B01
201600031876;1.0;1;0;0.0;2.0;4.0;1.0;B01
201600031880;2.0;1;0;0.0;2.0;1.0;16.0;B01
201600031884;1.0;1;0;0.0;1.0;1.0;1.0;A01
201600031887;0.0;1;0;0.0;0.0;0.0;0.0;A01
201600031900;0.0;1;0;0.0;2.0;1.0;1.0;A01
201600031923;1.0;1;0;0.0;2.0;1.0;1.0;B01
201600031935;2.0;1;0;0.0;2.0;7.0;1.0;B01
201600031937;2.0;1;0;0.0;2.0;4.0;1.0;B01
201600031945;2.0;1;0;0.0;2.0;8.0;2.0;B01
201600031961;0.0;1;0;0.0;2.0;6.0;1.0;B01
201600031972;0.0;1;0;0.0;1.0;1.0;1.0;A01
201600031973;2.0;1;0;0.0;2.0;1.0;9.0;A01
201600031994;0.0;1;0;0.0;2.0;1.0;1.0;A01
201600032016;0.0;1;0;0.0;2.0;3.0;9.0;A01
201600032038;0.0;1;0;0.0;0.0;0.0;0.0;Z01
201600032042;1.0;1;0;0.0;2.0;3.0;19.0;B01
201600032043;0.0;1;0;0.0;0.0;0.0;0.0;B01
201600032053;;1;0;0.0;2.0;7.0;1.0;B01
201600032075;1.0;1;0;0.0;0.0;1.0;1.0;A01
201600032080;0.0;1;0;0.0;2.0;3.0;1.0;B01
201600032081;0.0;1;0;0.0;1.0;1.0;1.0;A01
201600032097;0.0;1;0;0.0;2.0;3.0;1.0;A01
201600032106;0.0;1;0;0.0;1.0;1.0;0.0;A01
201600032108;0.0;1;0;0.0;2.0;7.0;1.0;A01
201600032129;1.0;1;0;0.0;2.0;0.0;9.0;A01
201600032220;1.0;1;0;0.0;2.0;8.0;2.0;B01
201600032234;1.0;1;0;0.0;2.0;0.0;0.0;B01
201600032270;0.0;1;0;0.0;2.0;0.0;16.0;B02
201600032275;0.0;1;0;0.0;0.0;6.0;2.0;B02