Num_Acc;senc;catv;occutc;obs;obsm;choc;manv;num_veh
201600032287;1.0;1;0;0.0;2.0;6.0;1.0;B01
201600032290;2.0;1;0;0.0;2.0;0.0;5.0;A01
201600032292;1.0;1;0;0.0;2.0;7.0;19.0;B01
201600032296;1.0;1;0;0.0;2.0;8.0;15.0;A01
201600032297;1.0;1;0;0.0;2.0;2.0;1.0;A01
201600032298;2.0;1;0;0.0;2.0;7.0;0.0;B01
201600032300;1.0;1;0;0.0;2.0;0.0;1.0;A01
201600032322;1.0;1;0;0.0;2.0;1.0;13.0;A01
201600032322;1.0;1;0;0.0;2.0;1.0;1.0;Z01
201600032330;1.0;1;0;0.0;1.0;0.0;0.0;Z01
201600032331;1.0;1;0;0.0;1.0;1.0;1.0;A01
201600032332;1.0;1;0;0.0;1.0;1.0;1.0;A01
201600032344;1.0;1;0;0.0;2.0;1.0;19.0;B01
201600032347;1.0;1;0;1.0;0.0;0.0;0.0;A01
201600032348;1.0;1;0;0.0;2.0;1.0;1.0;A01
201600032348;1.0;1;0;0.0;2.0;1.0;1.0;B01
201600032349;1.0;1;0;0.0;2.0;1.0;19.0;A01
201600032350;1.0;1;0;0.0;2.0;1.0;1.0;A01
201600032352;1.0;1;0;0.0;2.0;1.0;1.0;B01
201600032355;1.0;1;0;0.0;2.0;0.0;15.0;B01
201600032357;1.0;1;0;0.0;2.0;6.0;1.0;B01
201600032358;1.0;1;0;0.0;2.0;4.0;15.0;B01
201600032361;1.0;1;0;0.0;2.0;1.0;1.0;B01
201600032365;1.0;1;0;0.0;2.0;1.0;19.0;B01
201600032378;1.0;1;0;0.0;2.0;8.0;1.0;B01
201600032382;1.0;1;0;0.0;2.0;0.0;1.0;B01
201600032385;1.0;1;0;0.0;1.0;1.0;1.0;A01
201600032393;1.0;1;0;1.0;0.0;1.0;1.0;B01
201600032395;1.0;1;0;0.0;2.0;1.0;19.0;B01
201600032396;1.0;1;0;0.0;2.0;1.0;0.0;B01
201600032399;2.0;1;0;0.0;2.0;1.0;1.0;B01
201600032410;1.0;1;0;0.0;2.0;1.0;1.0;A01
201600032410;2.0;1;0;0.0;2.0;1.0;1.0;Z01
201600032414;1.0;1;0;0.0;2.0;1.0;1.0;A01
201600032416;1.0;1;0;0.0;2.0;1.0;1.0;A01
201600032417;1.0;1;0;0.0;2.0;6.0;1.0;B01
201600032419;1.0;1;0;0.0;2.0;1.0;1.0;B01
201600032427;1.0;1;0;0.0;2.0;1.0;1.0;A01
201600032430;1.0;1;0;0.0;2.0;1.0;15.0;B01
201600032431;1.0;1;0;0.0;2.0;1.0;1.0;B01
201600032431;1.0;1;0;0.0;2.0;1.0;1.0;A01
201600032433;1.0;1;0;0.0;2.0;8.0;1.0;B01
201600032434;1.0;1;0;0.0;2.0;1.0;19.0;B01
201600032441;1.0;1;0;0.0;2.0;1.0;19.0;A01
201600032442;1.0;1;0;0.0;2.0;1.0;1.0;A01
201600032442;1.0;1;0;0.0;2.0;8.0;19.0;B01
201600032443;1.0;1;0;0.0;2.0;8.0;1.0;A01
201600032448;1.0;1;0;0.0;1.0;1.0;1.0;A01
201600032454;1.0;1;0;0.0;1.0;0.0;0.0;A01
201600032455;1.0;1;0;0.0;2.0;8.0;1.0;B01
201600032458;1.0;1;0;0.0;2.0;2.0;1.0;B01
201600032458;1.0;1;0;0.0;2.0;1.0;1.0;A01
201600032461;1.0;1;0;0.0;2.0;1.0;1.0;B01
201600032463;1.0;1;0;0.0;2.0;1.0;1.0;B01
201600032465;1.0;1;0;0.0;2.0;0.0;1.0;A01
201600032465;1.0;1;0;0.0;2.0;1.0;1.0;B01
201600032467;1.0;1;0;0.0;2.0;4.0;0.0;B01
201600032468;1.0;1;0;0.0;2.0;7.0;19.0;B01
201600032470;1.0;1;0;0.0;2.0;0.0;0.0;B01
201600032478;1.0;1;0;0.0;2.0;2.0;1.0;B01
201600032483;1.0;1;0;0.0;2.0;7.0;1.0;B01
201600032484;1.0;1;0;0.0;1.0;0.0;0.0;Z01
201600032486;1.0;1;0;0.0;2.0;5.0;15.0;B01
201600032489;1.0;1;0;0.0;1.0;1.0;1.0;A01
201600032490;1.0;1;0;0.0;2.0;1.0;19.0;A01
201600032493;1.0;1;0;0.0;2.0;1.0;1.0;A01
201600032494;1.0;1;0;0.0;2.0;1.0;1.0;A01
201600032496;1.0;1;0;0.0;2.0;7.0;1.0;B01
201600032505;1.0;1;0;0.0;2.0;8.0;1.0;B01
201600032511;1.0;1;0;0.0;2.0;1.0;9.0;B01
201600032513;1.0;1;0;0.0;0.0;0.0;0.0;A01
201600032520;1.0;1;0;0.0;2.0;7.0;0.0;B01
201600032525;1.0;1;0;0.0;2.0;1.0;1.0;B01
201600032532;1.0;1;0;0.0;1.0;1.0;1.0;A01
201600032533;1.0;1;0;0.0;2.0;8.0;1.0;B01
201600032536;1.0;1;0;0.0;2.0;8.0;19.0;A01
201600032545;0.0;1;0;0.0;2.0;7.0;1.0;B01
201600032546;1.0;1;0;0.0;2.0;1.0;13.0;A01
201600032550;1.0;1;0;0.0;2.0;8.0;19.0;A01
201600032552;1.0;1;0;0.0;2.0;1.0;1.0;B01
201600032555;1.0;1;0;0.0;1.0;1.0;1.0;A01
201600032557;1.0;1;0;0.0;2.0;5.0;1.0;A01
201600032558;1.0;1;0;0.0;2.0;1.0;1.0;B01
201600032561;1.0;1;0;0.0;2.0;1.0;1.0;A01
201600032561;1.0;1;0;0.0;2.0;1.0;1.0;B01
201600032562;1.0;1;0;0.0;2.0;1.0;1.0;A01
201600032562;1.0;1;0;0.0;2.0;1.0;1.0;B01
201600032563;1.0;1;0;0.0;2.0;1.0;1.0;B01
201600032564;1.0;1;0;0.0;2.0;7.0;18.0;A01
201600032564;1.0;1;0;0.0;2.0;6.0;1.0;B01
201600032567;1.0;1;0;0.0;2.0;1.0;1.0;A01
201600032568;1.0;1;0;0.0;2.0;1.0;19.0;B01
201600032569;1.0;1;0;0.0;2.0;1.0;1.0;B01
201600032572;2.0;1;0;0.0;2.0;8.0;1.0;B01
201600032573;2.0;1;0;0.0;2.0;7.0;19.0;B01
201600032579;1.0;1;0;0.0;2.0;8.0;19.0;B01
201600032582;1.0;1;0;0.0;2.0;1.0;1.0;B01
201600032582;1.0;1;0;0.0;2.0;1.0;11.0;A01
201600032590;1.0;1;0;0.0;2.0;0.0;0.0;A01
201600032593;1.0;1;0;0.0;2.0;8.0;1.0;B01
201600032596;1.0;1;0;0.0;2.0;4.0;1.0;A01
201600032596;1.0;1;0;0.0;2.0;1.0;1.0;Z01
201600032599;1.0;1;0;0.0;2.0;1.0;1.0;A01
201600032602;1.0;1;0;0.0;2.0;8.0;19.0;A01
201600032602;1.0;1;0;0.0;2.0;1.0;19.0;B01
201600032608;1.0;1;0;0.0;0.0;0.0;0.0;B01
201600032609;1.0;1;0;0.0;1.0;1.0;1.0;A01
201600032610;1.0;1;0;0.0;2.0;8.0;19.0;B01
201600032612;1.0;1;0;0.0;2.0;1.0;19.0;B01
201600032613;1.0;1;0;0.0;2.0;1.0;19.0;B01
201600032614;1.0;1;0;0.0;2.0;7.0;19.0;B01
201600032623;1.0;1;0;0.0;2.0;1.0;1.0;B01
201600032624;1.0;1;0;0.0;2.0;1.0;1.0;A01
201600032627;1.0;1;0;0.0;2.0;1.0;1.0;B01
201600032628;1.0;1;0;0.0;2.0;1.0;19.0;A01
201600032631;1.0;1;0;0.0;2.0;8.0;1.0;B01
201600032637;1.0;1;0;0.0;2.0;1.0;1.0;B01
201600032638;0.0;1;0;0.0;1.0;7.0;1.0;A01
201600032648;0.0;1;0;0.0;1.0;1.0;0.0;Z01
201600032654;1.0;1;0;0.0;2.0;1.0;1.0;B01
201600032656;1.0;1;0;0.0;2.0;7.0;1.0;B01
201600032658;1.0;1;0;1.0;0.0;1.0;1.0;A01
201600032661;1.0;1;0;0.0;2.0;8.0;19.0;B01
201600032662;1.0;1;0;0.0;2.0;1.0;1.0;A01
201600032663;1.0;1;0;0.0;2.0;1.0;1.0;B01
201600032665;1.0;1;0;0.0;4.0;1.0;1.0;B01
201600032667;1.0;1;0;0.0;2.0;8.0;1.0;B01
201600032668;1.0;1;0;0.0;2.0;1.0;1.0;A01
201600032671;1.0;1;0;0.0;2.0;1.0;1.0;B01
201600032675;1.0;1;0;0.0;2.0;1.0;1.0;A01
201600032677;1.0;1;0;0.0;2.0;1.0;1.0;B01
201600032678;1.0;1;0;0.0;2.0;1.0;1.0;B01
201600032680;1.0;1;0;0.0;4.0;5.0;15.0;A01
201600032682;1.0;1;0;0.0;2.0;8.0;19.0;B01
201600032683;1.0;1;0;0.0;2.0;7.0;19.0;B01
201600032686;1.0;1;0;0.0;2.0;7.0;19.0;A01
201600032689;1.0;1;0;0.0;2.0;1.0;1.0;B01
201600032690;0.0;1;0;0.0;2.0;1.0;19.0;A01
201600032692;1.0;1;0;0.0;2.0;1.0;1.0;A01
201600032692;0.0;1;0;0.0;0.0;0.0;0.0;B01
201600032693;1.0;1;0;0.0;1.0;1.0;14.0;A01
201600032701;1.0;1;0;0.0;2.0;1.0;0.0;B01
201600032703;0.0;1;0;0.0;2.0;1.0;19.0;B01
201600032716;1.0;1;0;0.0;2.0;8.0;9.0;A01
201600032722;1.0;1;0;0.0;2.0;8.0;1.0;B01
201600032724;1.0;1;0;0.0;2.0;7.0;0.0;B01
201600032731;1.0;1;0;0.0;2.0;4.0;19.0;A01
201600032733;1.0;1;0;0.0;2.0;1.0;1.0;B01
201600032742;1.0;1;0;0.0;0.0;0.0;0.0;Z01
201600032755;0.0;1;0;0.0;2.0;4.0;2.0;B02
201600032769;2.0;1;0;0.0;2.0;7.0;0.0;A01
201600032772;1.0;1;0;0.0;0.0;4.0;16.0;B01
201600032774;1.0;1;0;0.0;2.0;2.0;5.0;A01
201600032776;1.0;1;0;0.0;0.0;0.0;0.0;B01
201600032777;1.0;1;0;0.0;2.0;1.0;15.0;A01
201600032778;1.0;1;0;0.0;2.0;1.0;1.0;B01
201600032785;1.0;1;0;0.0;2.0;4.0;1.0;B01
201600032790;;1;0;0.0;2.0;8.0;19.0;B02
201600032792;1.0;1;0;0.0;2.0;1.0;1.0;B01
201600032796;2.0;1;0;0.0;2.0;7.0;1.0;B01
201600032798;1.0;1;0;0.0;0.0;0.0;0.0;A01
201600032798;2.0;1;0;0.0;2.0;0.0;0.0;B01
201600032800;2.0;1;0;0.0;2.0;1.0;19.0;B01
201600032801;2.0;1;0;0.0;2.0;7.0;19.0;B01
201600032802;0.0;1;0;0.0;2.0;0.0;19.0;B01
201600032806;2.0;1;0;0.0;2.0;3.0;0.0;B01
201600032809;1.0;1;0;0.0;2.0;1.0;1.0;A01
201600032811;1.0;1;0;0.0;2.0;1.0;1.0;B01
201600032826;2.0;1;0;0.0;2.0;6.0;1.0;B01
201600032829;1.0;1;0;0.0;2.0;7.0;19.0;B01
201600032831;0.0;1;0;0.0;2.0;1.0;1.0;B01
201600032839;0.0;1;0;0.0;0.0;7.0;0.0;B01
201600032846;2.0;1;0;0.0;2.0;4.0;15.0;A01
201600032848;1.0;1;0;0.0;2.0;1.0;1.0;B01
201600032848;1.0;1;0;0.0;2.0;1.0;1.0;A01
201600032888;1.0;1;0;0.0;2.0;0.0;1.0;B01
201600032932;1.0;1;0;0.0;2.0;8.0;1.0;B01
201600032957;1.0;1;0;0.0;1.0;0.0;0.0;A01
201600032979;2.0;1;0;6.0;9.0;1.0;5.0;B01
201600032988;1.0;1;0;0.0;0.0;0.0;0.0;Z01
201600032998;2.0;1;0;0.0;2.0;8.0;0.0;A01
201600033009;2.0;1;0;0.0;0.0;0.0;0.0;A01
201600033022;1.0;1;0;0.0;2.0;0.0;0.0;C01
201600033038;1.0;1;0;0.0;2.0;1.0;1.0;B01
201600033049;1.0;1;0;12.0;2.0;7.0;1.0;B01
201600033059;2.0;1;0;0.0;2.0;1.0;19.0;B01
201600033067;1.0;1;0;0.0;2.0;1.0;1.0;B01
201600033072;1.0;1;0;0.0;0.0;0.0;0.0;B01
201600033073;1.0;1;0;0.0;2.0;0.0;0.0;B01
201600033113;2.0;1;0;0.0;2.0;4.0;1.0;B01
201600033115;2.0;1;0;0.0;2.0;0.0;10.0;B01
201600033125;1.0;1;0;0.0;9.0;8.0;1.0;C01
201600033126;1.0;1;0;0.0;2.0;1.0;1.0;A01
201600033136;2.0;1;0;0.0;2.0;6.0;0.0;A01
201600033144;1.0;1;0;0.0;2.0;1.0;19.0;A01
201600033152;1.0;1;0;0.0;2.0;6.0;19.0;B01
201600033156;1.0;1;0;0.0;2.0;0.0;2.0;A01
201600033160;2.0;1;0;1.0;0.0;1.0;0.0;B01
201600033161;1.0;1;0;0.0;2.0;4.0;2.0;A01
201600033169;2.0;1;0;0.0;2.0;1.0;1.0;B01
201600033175;0.0;1;0;0.0;2.0;8.0;15.0;Y01
201600033190;1.0;1;0;0.0;2.0;1.0;1.0;B01
201600033203;2.0;1;0;0.0;0.0;0.0;0.0;B01
201600033209;2.0;1;0;0.0;2.0;0.0;1.0;B01
201600033211;1.0;1;0;0.0;2.0;1.0;5.0;Z01
201600033231;1.0;1;0;0.0;2.0;4.0;1.0;B02
201600033237;1.0;1;0;0.0;2.0;1.0;1.0;B02
201600033243;1.0;1;0;0.0;0.0;6.0;13.0;B02
201600033249;0.0;1;0;0.0;2.0;8.0;0.0;B01
201600033285;0.0;1;0;0.0;0.0;8.0;1.0;B02
201600033306;2.0;1;0;0.0;2.0;1.0;5.0;A01
201600033311;1.0;1;0;0.0;2.0;1.0;1.0;B01
201600033321;1.0;1;0;0.0;2.0;8.0;15.0;A01
201600033324;2.0;1;0;0.0;2.0;1.0;1.0;B01
201600033329;0.0;1;0;0.0;1.0;0.0;0.0;A01
201600033343;0.0;1;0;0.0;2.0;3.0;1.0;B01
201600033369;1.0;1;0;0.0;2.0;4.0;1.0;A01
201600033375;0.0;1;0;0.0;2.0;1.0;0.0;B01
201600033390;1.0;1;0;0.0;2.0;0.0;1.0;B01
201600033411;0.0;1;0;0.0;0.0;8.0;1.0;B01
201600033417;1.0;1;0;0.0;2.0;6.0;0.0;B01
201600033427;1.0;1;0;0.0;2.0;8.0;2.0;B01
201600033433;1.0;1;0;0.0;2.0;4.0;2.0;B01
201600033459;0.0;1;0;0.0;0.0;1.0;0.0;B01
201600033461;1.0;1;0;0.0;0.0;0.0;0.0;B01
201600033472;1.0;1;0;0.0;2.0;1.0;2.0;B01
201600033475;2.0;1;0;0.0;2.0;5.0;2.0;B01
201600033507;0.0;1;0;0.0;0.0;0.0;0.0;B01
201600033509;1.0;1;0;0.0;1.0;1.0;1.0;A01
201600033547;2.0;1;0;0.0;2.0;8.0;15.0;A01
201600033564;0.0;1;0;0.0;2.0;1.0;0.0;B01
201600033572;2.0;1;0;0.0;2.0;0.0;0.0;B01
201600033574;1.0;1;0;0.0;2.0;8.0;19.0;B01
201600033578;2.0;1;0;0.0;2.0;1.0;1.0;B01
201600033601;2.0;1;0;14.0;0.0;1.0;1.0;A01
201600033626;0.0;1;0;4.0;0.0;1.0;1.0;A01
201600033628;2.0;1;0;0.0;2.0;3.0;19.0;B01
201600033631;2.0;1;0;0.0;1.0;1.0;1.0;A01
201600033633;1.0;1;0;0.0;2.0;1.0;1.0;B01
201600033639;2.0;1;0;0.0;2.0;3.0;0.0;A01
201600033661;2.0;1;0;15.0;1.0;1.0;0.0;A01
201600033667;0.0;1;0;0.0;2.0;3.0;0.0;B01
201600033676;1.0;1;0;0.0;0.0;0.0;0.0;A01
201600033692;0.0;1;0;0.0;2.0;1.0;15.0;B01
201600033749;1.0;1;0;0.0;2.0;4.0;1.0;B01
201600033781;2.0;1;0;0.0;2.0;1.0;15.0;A01
201600033817;0.0;1;0;0.0;2.0;1.0;1.0;B01
201600033818;0.0;1;0;0.0;2.0;1.0;19.0;A01
201600033870;0.0;1;0;0.0;1.0;1.0;17.0;A01
201600033886;2.0;1;0;0.0;2.0;4.0;1.0;B01
201600033891;0.0;1;0;0.0;0.0;0.0;0.0;B01
201600033891;0.0;1;0;0.0;2.0;1.0;1.0;A01
201600033910;0.0;1;0;0.0;2.0;8.0;9.0;A01
201600033925;0.0;1;0;0.0;2.0;4.0;12.0;B01
201600033955;0.0;1;0;0.0;2.0;0.0;0.0;B01
201600033991;0.0;1;0;0.0;2.0;1.0;1.0;B01
201600034053;1.0;1;0;0.0;0.0;0.0;1.0;B01
201600034054;1.0;1;0;0.0;0.0;0.0;0.0;B01
201600034055;1.0;1;0;1.0;0.0;0.0;0.0;B01
201600034064;2.0;1;0;0.0;0.0;0.0;15.0;B01
201600034090;2.0;1;0;0.0;2.0;0.0;1.0;B01
201600034091;1.0;1;0;0.0;2.0;4.0;1.0;B01
201600034095;2.0;1;0;0.0;2.0;5.0;1.0;B01
201600034099;1.0;1;0;0.0;2.0;8.0;13.0;B01
201600034139;2.0;1;0;0.0;0.0;0.0;0.0;B01
201600034143;1.0;1;0;0.0;2.0;1.0;1.0;B01
201600034148;1.0;1;0;0.0;2.0;4.0;2.0;B01
201600034149;1.0;1;0;0.0;2.0;1.0;1.0;B01
201600034171;1.0;1;0;0.0;1.0;2.0;9.0;A01
201600034205;2.0;1;0;0.0;2.0;1.0;1.0;B01
201600034206;1.0;1;0;0.0;2.0;7.0;0.0;B01
201600034208;2.0;1;0;0.0;2.0;4.0;1.0;B01
201600034211;1.0;1;0;0.0;0.0;0.0;0.0;B01
201600034216;0.0;1;0;0.0;2.0;8.0;1.0;B01
201600034222;1.0;1;0;0.0;0.0;1.0;1.0;A01
201600034230;1.0;1;0;0.0;2.0;8.0;2.0;B01
201600034246;2.0;1;0;0.0;2.0;8.0;5.0;B01
201600034267;1.0;1;0;0.0;0.0;4.0;2.0;B01
201600034287;1.0;1;0;0.0;0.0;0.0;0.0;A01
201600034311;0.0;1;0;0.0;2.0;1.0;1.0;B01
201600034315;0.0;1;0;0.0;2.0;6.0;19.0;B01
201600034341;1.0;1;0;0.0;2.0;1.0;16.0;B01
201600034350;2.0;1;0;0.0;0.0;0.0;0.0;A01
201600034401;1.0;1;0;0.0;0.0;0.0;0.0;B01
201600034407;2.0;1;0;0.0;2.0;2.0;16.0;B01
201600034447;0.0;1;0;0.0;0.0;0.0;0.0;A01
201600034477;0.0;1;0;1.0;2.0;1.0;21.0;B01
201600034483;0.0;1;0;0.0;2.0;1.0;0.0;B01
201600034504;0.0;1;0;0.0;2.0;8.0;19.0;B01
201600034509;1.0;1;0;1.0;0.0;1.0;2.0;B01
201600034512;1.0;1;0;0.0;2.0;8.0;19.0;B01
201600034524;1.0;1;0;0.0;2.0;8.0;1.0;B01
201600034540;2.0;1;0;0.0;2.0;1.0;1.0;A01
201600034573;0.0;1;0;0.0;0.0;4.0;2.0;B01
201600034603;1.0;1;0;0.0;2.0;0.0;0.0;B01
201600034605;0.0;1;0;0.0;2.0;7.0;19.0;B02
201600034608;1.0;1;0;0.0;0.0;0.0;0.0;B01
201600034652;0.0;1;0;0.0;0.0;8.0;1.0;B01
201600034653;0.0;1;0;0.0;2.0;1.0;19.0;B01
201600034655;1.0;1;0;0.0;2.0;8.0;0.0;B01
201600034657;0.0;1;0;0.0;2.0;1.0;1.0;B01
201600034665;1.0;1;0;0.0;2.0;7.0;0.0;B01
201600034692;1.0;1;0;0.0;2.0;8.0;0.0;B01
201600034694;2.0;1;0;0.0;1.0;0.0;1.0;A01
201600034739;0.0;1;0;0.0;1.0;1.0;1.0;Y01
201600034741;1.0;1;0;0.0;2.0;8.0;15.0;B01
201600034746;0.0;1;0;0.0;2.0;8.0;1.0;B01
201600034755;2.0;1;0;0.0;2.0;4.0;1.0;B01
201600034756;0.0;1;0;0.0;2.0;1.0;1.0;B01
201600034767;2.0;1;0;0.0;2.0;4.0;12.0;B01
201600034771;0.0;1;0;0.0;2.0;1.0;1.0;B01
201600034784;1.0;1;0;0.0;2.0;2.0;19.0;A01
201600034785;0.0;1;0;0.0;2.0;1.0;19.0;B01
201600034801;2.0;1;0;0.0;2.0;4.0;1.0;B01
201600034808;0.0;1;0;0.0;2.0;8.0;1.0;B01
201600034812;0.0;1;0;0.0;2.0;8.0;19.0;A01
201600034816;0.0;1;0;0.0;2.0;3.0;1.0;B01
201600034818;1.0;1;0;0.0;2.0;3.0;1.0;A01
201600034837;0.0;1;0;0.0;2.0;1.0;15.0;A01
201600034839;0.0;1;0;0.0;0.0;0.0;0.0;B01
201600034842;1.0;1;0;0.0;2.0;7.0;1.0;B01
201600034854;2.0;1;0;0.0;2.0;6.0;18.0;B01
201600034880;2.0;1;0;0.0;2.0;7.0;1.0;A01
201600034910;0.0;1;0;0.0;2.0;7.0;1.0;B01
201600034929;1.0;1;0;0.0;2.0;1.0;1.0;B01
201600034930;0.0;1;0;0.0;0.0;5.0;0.0;B01
201600034938;0.0;1;0;0.0;2.0;0.0;7.0;A01
201600034963;0.0;1;0;14.0;0.0;0.0;0.0;A01
201600034967;0.0;1;0;0.0;0.0;0.0;0.0;B01
201600034972;0.0;1;0;0.0;0.0;1.0;0.0;B01
201600034975;2.0;1;0;0.0;2.0;0.0;0.0;B01
201600034987;0.0;1;0;0.0;2.0;1.0;0.0;B01
201600035002;0.0;1;0;0.0;2.0;0.0;0.0;B01
201600035004;1.0;1;0;0.0;2.0;0.0;0.0;B01
201600035007;0.0;1;0;1.0;0.0;0.0;0.0;A01
201600035019;0.0;1;0;0.0;0.0;0.0;0.0;B01
201600035022;1.0;1;0;0.0;0.0;4.0;1.0;B01
201600035053;2.0;1;0;0.0;2.0;8.0;1.0;B01
201600035059;0.0;1;0;0.0;0.0;1.0;1.0;B01
201600035062;0.0;1;0;0.0;2.0;1.0;1.0;B01
201600035081;0.0;1;0;0.0;1.0;0.0;0.0;A01
201600035097;0.0;1;0;0.0;2.0;8.0;13.0;A01
201600035098;0.0;1;0;0.0;2.0;8.0;1.0;B01
201600035105;0.0;1;0;0.0;2.0;8.0;19.0;B01
201600035120;2.0;1;0;0.0;2.0;1.0;1.0;B01
201600035123;0.0;1;0;0.0;0.0;0.0;0.0;B01
201600035148;1.0;1;0;0.0;2.0;6.0;19.0;B01
201600035160;1.0;1;0;0.0;1.0;1.0;13.0;A01
201600035179;2.0;1;0;15.0;9.0;1.0;1.0;C01
201600035186;1.0;1;0;0.0;2.0;7.0;19.0;B01
201600035188;2.0;1;0;0.0;2.0;6.0;1.0;B01
201600035221;2.0;1;0;0.0;2.0;1.0;19.0;A01
201600035223;1.0;1;0;0.0;1.0;1.0;0.0;A01
201600035231;1.0;1;0;0.0;0.0;0.0;1.0;D01
201600035251;2.0;1;0;0.0;2.0;7.0;0.0;B01
201600035256;1.0;1;0;0.0;2.0;8.0;1.0;B01
201600035268;1.0;1;0;0.0;0.0;0.0;0.0;B01
201600035277;1.0;1;0;0.0;2.0;1.0;1.0;B01
201600035279;0.0;1;0;0.0;0.0;0.0;0.0;B01
201600035306;1.0;1;0;0.0;2.0;0.0;2.0;B01
201600035313;1.0;1;0;0.0;2.0;3.0;19.0;A01
201600035319;1.0;1;0;0.0;2.0;1.0;5.0;A01
201600035328;1.0;1;0;0.0;2.0;7.0;1.0;A01
201600035339;2.0;1;0;0.0;2.0;0.0;0.0;B01
201600035340;2.0;1;0;0.0;2.0;0.0;0.0;A01
201600035344;2.0;1;0;0.0;2.0;1.0;1.0;B01
201600035369;1.0;1;0;0.0;2.0;3.0;15.0;B01
201600035376;1.0;1;0;0.0;2.0;0.0;0.0;B01
201600035381;2.0;1;0;0.0;2.0;1.0;1.0;B01
201600035385;2.0;1;0;0.0;2.0;1.0;1.0;B01
201600035408;2.0;1;0;0.0;2.0;1.0;1.0;B01
201600035413;1.0;1;0;0.0;9.0;2.0;1.0;A01
201600035416;1.0;1;0;0.0;0.0;0.0;0.0;B01
201600035441;2.0;1;0;0.0;2.0;1.0;17.0;B01
201600035442;1.0;1;0;0.0;2.0;4.0;2.0;B01
201600035452;2.0;1;0;0.0;2.0;0.0;0.0;B01
201600035470;1.0;1;0;0.0;2.0;7.0;15.0;B01
201600035478;1.0;1;0;0.0;1.0;1.0;13.0;A01
201600035491;1.0;1;0;0.0;2.0;5.0;2.0;B01
201600035503;1.0;1;0;0.0;2.0;1.0;15.0;B01
201600035504;2.0;1;0;0.0;0.0;0.0;0.0;B01
201600035525;1.0;1;0;0.0;2.0;1.0;0.0;B01
201600035533;0.0;1;0;0.0;0.0;0.0;0.0;B01
201600035548;0.0;1;0;0.0;2.0;0.0;0.0;B01
201600035561;1.0;1;0;0.0;2.0;4.0;2.0;B01
201600035571;2.0;1;0;0.0;2.0;1.0;5.0;B01
201600035583;1.0;1;0;0.0;2.0;7.0;1.0;B01
201600035590;2.0;1;0;0.0;2.0;7.0;19.0;B01
201600035595;2.0;1;0;0.0;2.0;1.0;1.0;B01
201600035599;1.0;1;0;0.0;2.0;4.0;1.0;B01
201600035605;2.0;1;0;0.0;2.0;5.0;1.0;A01
201600035607;1.0;1;0;0.0;0.0;0.0;0.0;C01
201600035607;1.0;1;0;1.0;0.0;7.0;1.0;B01
201600035614;1.0;1;0;0.0;0.0;0.0;0.0;B01
201600035633;1.0;1;0;0.0;0.0;0.0;0.0;B01
201600035643;1.0;1;0;0.0;2.0;4.0;16.0;B01
201600035648;2.0;1;0;0.0;2.0;1.0;1.0;A01
201600035652;1.0;1;0;0.0;2.0;0.0;1.0;B01
201600035659;1.0;1;0;0.0;2.0;6.0;1.0;B01
201600035675;1.0;1;0;1.0;0.0;1.0;1.0;B01
201600035677;2.0;1;0;0.0;2.0;1.0;1.0;B01
201600035701;2.0;1;0;0.0;2.0;1.0;1.0;B01
201600035748;0.0;1;0;0.0;2.0;1.0;1.0;B01
201600035762;2.0;1;0;0.0;2.0;8.0;1.0;B01
201600035770;0.0;1;0;0.0;2.0;1.0;1.0;B01
201600035790;2.0;1;0;0.0;2.0;1.0;1.0;B01
201600035811;0.0;1;0;0.0;2.0;3.0;0.0;A01
201600035816;1.0;1;0;0.0;2.0;1.0;13.0;A01
201600035820;2.0;1;0;0.0;2.0;1.0;13.0;A01
201600035871;1.0;1;0;0.0;2.0;1.0;1.0;B01
201600035876;1.0;1;0;0.0;2.0;1.0;9.0;B01
201600035909;2.0;1;0;0.0;2.0;1.0;1.0;B01
201600035949;2.0;1;0;0.0;2.0;5.0;1.0;B01
201600035996;1.0;1;0;0.0;2.0;1.0;19.0;B01
201600036029;1.0;1;0;9.0;0.0;1.0;14.0;A01
201600036046;2.0;1;0;12.0;0.0;1.0;1.0;A01
201600036066;2.0;1;0;6.0;0.0;1.0;0.0;A01
201600036075;2.0;1;0;0.0;1.0;3.0;1.0;A01
201600036100;1.0;1;0;0.0;0.0;6.0;1.0;A01
201600036103;2.0;1;0;0.0;0.0;0.0;0.0;A01
201600036105;2.0;1;0;0.0;1.0;1.0;1.0;A01
201600036118;2.0;1;0;0.0;0.0;1.0;1.0;A01
201600036129;2.0;1;0;0.0;2.0;1.0;15.0;B01
201600036130;2.0;1;0;0.0;2.0;1.0;9.0;A01
201600036157;0.0;1;0;0.0;2.0;8.0;19.0;A01
201600036172;2.0;1;0;0.0;2.0;1.0;1.0;B01
201600036219;1.0;1;0;0.0;2.0;8.0;1.0;B01