Num_Acc;senc;catv;occutc;obs;obsm;choc;manv;num_veh
201600036224;1.0;1;0;0.0;2.0;2.0;1.0;B01
201600036230;2.0;1;0;0.0;0.0;0.0;1.0;A01
201600036232;1.0;1;0;0.0;0.0;0.0;1.0;A01
201600036262;1.0;1;0;0.0;2.0;1.0;9.0;B01
201600036268;1.0;1;0;1.0;0.0;2.0;1.0;B01
201600036270;1.0;1;0;0.0;1.0;0.0;0.0;A01
201600036281;1.0;1;0;0.0;0.0;4.0;2.0;B01
201600036301;0.0;1;0;0.0;2.0;4.0;1.0;B01
201600036303;1.0;1;0;0.0;2.0;8.0;1.0;B01
201600036307;1.0;1;0;0.0;2.0;1.0;11.0;A01
201600036308;1.0;1;0;0.0;2.0;0.0;0.0;B01
201600036310;1.0;1;0;0.0;0.0;0.0;0.0;B01
201600036317;1.0;1;0;0.0;0.0;0.0;0.0;A01
201600036330;1.0;1;0;0.0;2.0;0.0;19.0;A01
201600036350;1.0;1;0;0.0;2.0;0.0;0.0;B01
201600036359;1.0;1;0;0.0;1.0;0.0;0.0;A01
201600036392;1.0;1;0;0.0;1.0;0.0;0.0;A01
201600036398;0.0;1;0;0.0;2.0;1.0;1.0;B01
201600036400;0.0;1;0;0.0;0.0;0.0;0.0;B01
201600036414;0.0;1;0;1.0;0.0;1.0;19.0;B01
201600036469;0.0;1;0;0.0;2.0;1.0;5.0;A01
201600036471;0.0;1;0;0.0;2.0;1.0;1.0;B01
201600036497;0.0;1;0;0.0;2.0;8.0;9.0;B01
201600036522;0.0;1;0;0.0;2.0;1.0;1.0;B01
201600036553;1.0;1;0;0.0;2.0;1.0;1.0;A01
201600036582;1.0;1;0;0.0;1.0;1.0;1.0;A01
201600036619;1.0;1;0;0.0;2.0;1.0;1.0;A01
201600036626;0.0;1;0;0.0;2.0;1.0;1.0;A01
201600036633;0.0;1;0;0.0;2.0;1.0;2.0;B01
201600036655;1.0;1;0;0.0;2.0;1.0;1.0;B01
201600036660;1.0;1;0;0.0;2.0;1.0;1.0;B01
201600036683;1.0;1;0;0.0;2.0;2.0;1.0;B01
201600036693;1.0;1;0;0.0;2.0;4.0;2.0;B01
201600036697;1.0;1;0;0.0;2.0;7.0;19.0;B01
201600036699;1.0;1;0;0.0;2.0;7.0;1.0;B01
201600036709;1.0;1;0;0.0;2.0;7.0;17.0;B01
201600036713;0.0;1;0;0.0;0.0;0.0;15.0;A01
201600036753;0.0;1;0;0.0;0.0;0.0;0.0;A01
201600036764;0.0;1;0;0.0;1.0;1.0;1.0;A01
201600036799;0.0;1;0;0.0;0.0;0.0;0.0;A01
201600036827;1.0;1;0;0.0;2.0;9.0;1.0;B01
201600036872;1.0;1;0;0.0;2.0;0.0;1.0;B01
201600036883;0.0;1;0;0.0;2.0;0.0;0.0;B01
201600036893;1.0;1;0;0.0;2.0;1.0;19.0;B01
201600036902;1.0;1;0;0.0;2.0;1.0;1.0;B01
201600036911;1.0;1;0;0.0;2.0;1.0;1.0;B01
201600036931;1.0;1;0;0.0;2.0;4.0;2.0;B01
201600036934;1.0;1;0;0.0;1.0;1.0;1.0;A01
201600036951;2.0;1;0;0.0;1.0;1.0;1.0;A01
201600036965;1.0;1;0;0.0;2.0;1.0;1.0;B01
201600036985;2.0;1;0;0.0;2.0;4.0;2.0;B01
201600036996;1.0;1;0;0.0;2.0;1.0;1.0;A01
201600037006;0.0;1;0;0.0;2.0;1.0;1.0;B01
201600037012;0.0;1;0;0.0;2.0;2.0;1.0;B01
201600037032;0.0;1;0;0.0;2.0;7.0;1.0;A01
201600037035;1.0;1;0;0.0;1.0;3.0;1.0;A01
201600037044;2.0;1;0;0.0;2.0;3.0;13.0;B01
201600037047;1.0;1;0;0.0;2.0;4.0;2.0;B01
201600037070;1.0;1;0;0.0;2.0;3.0;0.0;A01
201600037098;1.0;1;0;0.0;0.0;0.0;0.0;B01
201600037138;1.0;1;0;0.0;2.0;1.0;0.0;B01
201600037168;2.0;1;0;0.0;2.0;7.0;15.0;A01
201600037198;0.0;1;0;0.0;2.0;4.0;2.0;B01
201600037199;0.0;1;0;0.0;2.0;0.0;0.0;B01
201600037225;0.0;1;0;0.0;2.0;3.0;19.0;B01
201600037242;0.0;1;0;0.0;2.0;7.0;15.0;A01
201600037257;0.0;1;0;0.0;2.0;2.0;0.0;B01
201600037258;0.0;1;0;0.0;2.0;1.0;2.0;A01
201600037269;0.0;1;0;0.0;2.0;4.0;2.0;B01
201600037281;0.0;1;0;0.0;2.0;1.0;19.0;A01
201600037282;0.0;1;0;0.0;2.0;8.0;15.0;B01
201600037287;0.0;1;0;0.0;2.0;1.0;1.0;B01
201600037293;0.0;1;0;0.0;2.0;8.0;2.0;B01
201600037297;0.0;1;0;0.0;9.0;4.0;2.0;B01
201600037331;0.0;1;0;0.0;2.0;1.0;16.0;B01
201600037336;0.0;1;0;0.0;2.0;1.0;1.0;B01
201600037396;1.0;1;0;0.0;2.0;1.0;21.0;B01
201600037404;0.0;1;0;0.0;2.0;1.0;1.0;B01
201600037430;0.0;1;0;0.0;1.0;1.0;1.0;A01
201600037434;0.0;1;0;0.0;2.0;1.0;1.0;A01
201600037496;0.0;1;0;0.0;2.0;0.0;0.0;B01
201600037506;0.0;1;0;0.0;0.0;0.0;0.0;B01
201600037531;0.0;1;0;0.0;2.0;1.0;9.0;A01
201600037531;1.0;1;0;0.0;2.0;3.0;1.0;B01
201600037532;2.0;1;0;0.0;2.0;6.0;16.0;B01
201600037544;0.0;1;0;0.0;2.0;7.0;0.0;B01
201600037548;0.0;1;0;0.0;2.0;0.0;16.0;A01
201600037550;0.0;1;0;1.0;0.0;1.0;2.0;B01
201600037563;0.0;1;0;0.0;1.0;1.0;5.0;A01
201600037570;0.0;1;0;0.0;2.0;1.0;1.0;A01
201600037591;0.0;1;0;0.0;1.0;4.0;1.0;A01
201600037594;0.0;1;0;0.0;1.0;1.0;1.0;A01
201600037596;0.0;1;0;0.0;2.0;0.0;1.0;B01
201600037602;0.0;1;0;0.0;2.0;1.0;1.0;B01
201600037621;0.0;1;0;0.0;2.0;4.0;15.0;B01
201600037626;0.0;1;0;0.0;2.0;8.0;15.0;B01
201600037631;0.0;1;0;0.0;2.0;1.0;0.0;B01
201600037656;0.0;1;0;0.0;2.0;7.0;17.0;B01
201600037662;0.0;1;0;0.0;2.0;1.0;1.0;B01
201600037667;0.0;1;0;0.0;2.0;0.0;0.0;B01
201600037698;2.0;1;0;0.0;2.0;8.0;1.0;B01
201600037700;0.0;1;0;0.0;2.0;4.0;1.0;B01
201600037727;0.0;1;0;0.0;2.0;1.0;2.0;A01
201600037735;0.0;1;0;0.0;2.0;1.0;2.0;A01
201600037735;0.0;1;0;0.0;2.0;4.0;2.0;B01
201600037753;0.0;1;0;0.0;2.0;7.0;1.0;B01
201600037765;0.0;1;0;1.0;0.0;2.0;1.0;A01
201600037794;0.0;1;0;0.0;2.0;1.0;18.0;B01
201600037803;0.0;1;0;0.0;2.0;2.0;1.0;B01
201600037816;0.0;1;0;0.0;0.0;0.0;0.0;A01
201600037822;0.0;1;0;0.0;2.0;8.0;16.0;B01
201600037833;0.0;1;0;0.0;2.0;7.0;1.0;B01
201600037844;0.0;1;0;0.0;2.0;7.0;1.0;B01
201600037875;0.0;1;0;0.0;2.0;1.0;1.0;A01
201600037881;0.0;1;0;0.0;2.0;1.0;16.0;B01
201600037898;0.0;1;0;0.0;2.0;1.0;1.0;B01
201600037903;0.0;1;0;0.0;0.0;0.0;0.0;A01
201600037935;0.0;1;0;0.0;0.0;0.0;0.0;B01
201600037945;0.0;1;0;0.0;2.0;8.0;19.0;A01
201600037951;0.0;1;0;0.0;0.0;0.0;1.0;A01
201600037954;0.0;1;0;0.0;0.0;0.0;1.0;A01
201600037960;0.0;1;0;0.0;2.0;1.0;18.0;B01
201600037961;1.0;1;0;0.0;0.0;0.0;14.0;A01
201600037978;0.0;1;0;0.0;2.0;1.0;1.0;B01
201600037989;0.0;1;0;0.0;2.0;1.0;2.0;B01
201600038002;0.0;1;0;0.0;2.0;1.0;1.0;B01
201600038005;0.0;1;0;0.0;2.0;8.0;1.0;B01
201600038007;0.0;1;0;0.0;2.0;7.0;19.0;B01
201600038009;0.0;1;0;0.0;2.0;1.0;5.0;B01
201600038027;0.0;1;0;0.0;2.0;1.0;19.0;B01
201600038033;0.0;1;0;0.0;0.0;8.0;0.0;A01
201600038035;0.0;1;0;0.0;0.0;0.0;0.0;B01
201600038038;0.0;1;0;0.0;0.0;0.0;19.0;B01
201600038049;0.0;1;0;0.0;0.0;8.0;19.0;B01
201600038050;0.0;1;0;0.0;2.0;0.0;0.0;B01
201600038058;0.0;1;0;0.0;0.0;3.0;1.0;B01
201600038097;0.0;1;0;0.0;2.0;1.0;2.0;A01
201600038098;0.0;1;0;0.0;2.0;8.0;1.0;B01
201600038126;0.0;1;0;0.0;2.0;8.0;1.0;B01
201600038137;2.0;1;0;0.0;0.0;7.0;16.0;A01
201600038180;0.0;1;0;0.0;2.0;5.0;1.0;B01
201600038185;2.0;1;0;0.0;2.0;8.0;1.0;B01
201600038194;1.0;1;0;0.0;2.0;1.0;17.0;B01
201600038240;0.0;1;0;0.0;2.0;8.0;16.0;B01
201600038254;0.0;1;0;0.0;2.0;7.0;9.0;A01
201600038259;0.0;1;0;0.0;2.0;1.0;5.0;B01
201600038266;0.0;1;0;0.0;2.0;8.0;1.0;B01
201600038280;0.0;1;0;0.0;2.0;5.0;1.0;B01
201600038286;0.0;1;0;0.0;2.0;6.0;12.0;B01
201600038291;0.0;1;0;0.0;2.0;1.0;2.0;A01
201600038341;0.0;1;0;0.0;2.0;1.0;11.0;B01
201600038357;0.0;1;0;0.0;2.0;0.0;1.0;B01
201600038377;0.0;1;0;0.0;0.0;1.0;0.0;A01
201600038380;0.0;1;0;1.0;0.0;0.0;1.0;B01
201600038381;0.0;1;0;0.0;2.0;1.0;2.0;B01
201600038405;0.0;1;0;0.0;0.0;0.0;2.0;A01
201600038408;1.0;1;0;0.0;2.0;8.0;17.0;B01
201600038410;1.0;1;0;0.0;2.0;1.0;2.0;A01
201600038418;0.0;1;0;0.0;2.0;0.0;2.0;A01
201600038418;1.0;1;0;0.0;2.0;0.0;2.0;B01
201600038439;0.0;1;0;0.0;2.0;1.0;13.0;B01
201600038461;0.0;1;0;0.0;0.0;7.0;0.0;A01
201600038477;0.0;1;0;0.0;1.0;1.0;1.0;A01
201600038482;0.0;1;0;0.0;0.0;7.0;1.0;B01
201600038488;0.0;1;0;0.0;1.0;1.0;0.0;A01
201600038492;0.0;1;0;0.0;1.0;1.0;1.0;A01
201600038496;0.0;1;0;0.0;0.0;7.0;0.0;A01
201600038532;0.0;1;0;0.0;2.0;1.0;1.0;B01
201600038563;0.0;1;0;0.0;2.0;2.0;1.0;B01
201600038576;0.0;1;0;0.0;2.0;0.0;1.0;B01
201600038600;0.0;1;0;1.0;0.0;0.0;18.0;A01
201600038602;0.0;1;0;0.0;2.0;1.0;1.0;B01
201600038639;0.0;1;0;1.0;0.0;8.0;1.0;B01
201600038641;0.0;1;0;0.0;2.0;1.0;1.0;B01
201600038653;0.0;1;0;0.0;2.0;0.0;1.0;B01
201600038683;0.0;1;0;0.0;2.0;0.0;1.0;B01
201600038684;2.0;1;0;0.0;2.0;0.0;5.0;B01
201600038706;0.0;1;0;0.0;2.0;8.0;1.0;B01
201600038709;0.0;1;0;0.0;2.0;8.0;9.0;B01
201600038710;0.0;1;0;1.0;0.0;1.0;17.0;B01
201600038722;0.0;1;0;0.0;2.0;1.0;1.0;B01
201600038735;0.0;1;0;0.0;2.0;8.0;1.0;B01
201600038739;0.0;1;0;0.0;2.0;1.0;23.0;B01
201600038741;0.0;1;0;0.0;1.0;1.0;1.0;A01
201600038804;0.0;1;0;0.0;2.0;1.0;15.0;B01
201600038850;0.0;1;0;0.0;2.0;1.0;1.0;B01
201600038879;0.0;1;0;0.0;9.0;1.0;0.0;A01
201600038893;0.0;1;0;0.0;0.0;1.0;0.0;B01
201600038897;0.0;1;0;0.0;0.0;0.0;0.0;B01
201600038901;0.0;1;0;0.0;2.0;1.0;1.0;B01
201600038903;0.0;1;0;0.0;0.0;0.0;0.0;B01
201600038912;0.0;1;0;0.0;0.0;0.0;0.0;B01
201600038965;0.0;1;0;0.0;2.0;3.0;2.0;A01
201600038970;0.0;1;0;0.0;2.0;1.0;2.0;A01
201600038972;0.0;1;0;0.0;2.0;1.0;0.0;B01
201600038975;0.0;1;0;0.0;2.0;4.0;2.0;Y01
201600038980;0.0;1;0;0.0;2.0;4.0;1.0;B01
201600038981;0.0;1;0;1.0;0.0;1.0;0.0;B01
201600039013;0.0;1;0;1.0;0.0;0.0;1.0;B01
201600039094;2.0;1;0;0.0;2.0;1.0;1.0;A01
201600039099;2.0;1;0;1.0;0.0;1.0;1.0;B01
201600039101;2.0;1;0;0.0;2.0;4.0;23.0;B01
201600039107;1.0;1;0;0.0;2.0;4.0;2.0;B01
201600039120;2.0;1;0;0.0;1.0;5.0;1.0;A01
201600039127;0.0;1;0;0.0;2.0;8.0;19.0;B01
201600039145;0.0;1;0;0.0;2.0;6.0;19.0;B01
201600039152;2.0;1;0;0.0;2.0;1.0;9.0;B01
201600039153;2.0;1;0;0.0;0.0;7.0;1.0;A01
201600039155;2.0;1;0;8.0;0.0;7.0;1.0;A01
201600039160;2.0;1;0;0.0;2.0;1.0;1.0;B01
201600039161;2.0;1;0;0.0;2.0;8.0;5.0;A01
201600039170;1.0;1;0;0.0;2.0;7.0;15.0;A01
201600039203;0.0;1;0;12.0;0.0;0.0;1.0;A01
201600039216;0.0;1;0;0.0;2.0;1.0;0.0;A01
201600039234;0.0;1;0;0.0;2.0;4.0;2.0;A01
201600039243;0.0;1;0;0.0;2.0;1.0;5.0;A01
201600039306;0.0;1;0;0.0;2.0;1.0;1.0;A01
201600039314;0.0;1;0;1.0;0.0;1.0;17.0;B01
201600039318;0.0;1;0;0.0;0.0;0.0;1.0;A01
201600039320;0.0;1;0;0.0;2.0;1.0;17.0;B01
201600039322;0.0;1;0;0.0;2.0;1.0;1.0;B01
201600039340;0.0;1;0;14.0;0.0;1.0;1.0;A01
201600039351;0.0;1;0;1.0;0.0;1.0;13.0;B01
201600039352;0.0;1;0;0.0;2.0;1.0;1.0;A01
201600039363;0.0;1;0;0.0;2.0;2.0;1.0;B01
201600039378;0.0;1;0;0.0;2.0;1.0;7.0;B01
201600039391;0.0;1;0;0.0;2.0;3.0;19.0;B01
201600039398;0.0;1;0;0.0;2.0;8.0;15.0;A01
201600039401;0.0;1;0;0.0;2.0;8.0;0.0;B01
201600039427;0.0;1;0;0.0;2.0;1.0;23.0;B01
201600039450;0.0;1;0;0.0;2.0;7.0;1.0;B01
201600039462;0.0;1;0;12.0;0.0;1.0;1.0;A01
201600039463;0.0;1;0;0.0;2.0;1.0;1.0;B01
201600039486;0.0;1;0;0.0;2.0;8.0;19.0;B01
201600039487;0.0;1;0;0.0;2.0;1.0;1.0;A01
201600039489;0.0;1;0;0.0;2.0;1.0;1.0;A01
201600039499;0.0;1;0;0.0;2.0;7.0;1.0;B01
201600039518;0.0;1;0;0.0;1.0;1.0;1.0;A01
201600039547;0.0;1;0;0.0;0.0;5.0;1.0;B01
201600039603;2.0;1;0;0.0;2.0;1.0;19.0;B01
201600039604;0.0;1;0;0.0;2.0;6.0;9.0;A01
201600039609;0.0;1;0;0.0;2.0;1.0;0.0;A01
201600039624;0.0;1;0;0.0;2.0;7.0;19.0;B01
201600039625;2.0;1;0;0.0;2.0;1.0;2.0;B01
201600039635;0.0;1;0;0.0;2.0;3.0;1.0;B01
201600039636;0.0;1;0;1.0;2.0;1.0;1.0;B01
201600039650;2.0;1;0;0.0;2.0;1.0;1.0;B01
201600039662;1.0;1;0;0.0;2.0;7.0;2.0;B01
201600039677;0.0;1;0;0.0;2.0;1.0;19.0;B01
201600039685;0.0;1;0;0.0;2.0;1.0;0.0;B01
201600039712;0.0;1;0;0.0;2.0;1.0;15.0;B01
201600039724;0.0;1;0;0.0;2.0;7.0;19.0;B01
201600039758;0.0;1;0;0.0;2.0;0.0;0.0;B01
201600039766;0.0;1;0;0.0;2.0;8.0;19.0;B01
201600039770;0.0;1;0;0.0;2.0;0.0;19.0;B01
201600039783;0.0;1;0;0.0;2.0;0.0;9.0;A01
201600039785;0.0;1;0;0.0;2.0;4.0;1.0;A01
201600039808;0.0;1;0;1.0;0.0;1.0;13.0;B01
201600039818;0.0;1;0;0.0;2.0;1.0;1.0;B01
201600039828;0.0;1;0;0.0;2.0;1.0;1.0;B01
201600039836;2.0;1;0;0.0;2.0;7.0;0.0;B01
201600039881;0.0;1;0;0.0;2.0;0.0;0.0;B01
201600039901;0.0;1;0;0.0;0.0;0.0;0.0;B01
201600039930;0.0;1;0;0.0;2.0;6.0;2.0;B01
201600039938;0.0;1;0;0.0;0.0;0.0;0.0;B01
201600039944;0.0;1;0;0.0;2.0;1.0;5.0;B01
201600039987;0.0;1;0;0.0;2.0;7.0;0.0;B01
201600040088;2.0;1;0;0.0;0.0;5.0;0.0;B01
201600040090;0.0;1;0;0.0;2.0;8.0;19.0;B01
201600040095;0.0;1;0;0.0;2.0;1.0;1.0;B01
201600040136;2.0;1;0;0.0;2.0;8.0;15.0;A01
201600040154;1.0;1;0;0.0;2.0;1.0;2.0;B01
201600040179;0.0;1;0;0.0;2.0;1.0;1.0;B01
201600040227;0.0;1;0;0.0;2.0;4.0;19.0;B01
201600040234;0.0;1;0;0.0;2.0;1.0;5.0;A01
201600040263;0.0;1;0;0.0;2.0;8.0;19.0;B01
201600040264;1.0;1;0;0.0;1.0;1.0;1.0;B01
201600040270;0.0;1;0;0.0;2.0;7.0;0.0;A01
201600040296;1.0;1;0;0.0;2.0;4.0;3.0;B01
201600040370;2.0;1;0;0.0;2.0;7.0;15.0;A01
201600040377;2.0;1;0;0.0;0.0;4.0;13.0;A01
201600040443;0.0;1;0;0.0;0.0;0.0;0.0;B01
201600040526;0.0;1;0;0.0;2.0;1.0;2.0;A01
201600040539;0.0;1;0;0.0;2.0;1.0;21.0;B01
201600040541;0.0;1;0;0.0;2.0;8.0;19.0;B01
201600040600;0.0;1;0;0.0;9.0;3.0;1.0;B01
201600040602;0.0;1;0;0.0;2.0;0.0;2.0;A01
201600040637;2.0;1;0;0.0;2.0;0.0;17.0;B01
201600040659;2.0;1;0;0.0;2.0;7.0;1.0;Y01
201600040685;0.0;1;0;0.0;2.0;7.0;1.0;B01
201600040734;0.0;1;0;0.0;2.0;7.0;0.0;A01
201600040756;0.0;1;0;0.0;2.0;0.0;0.0;C01
201600040762;2.0;1;0;1.0;0.0;1.0;2.0;A01
201600040763;0.0;1;0;0.0;2.0;1.0;1.0;Y01
201600040770;0.0;1;0;0.0;0.0;0.0;2.0;B01
201600040783;0.0;1;0;0.0;1.0;1.0;0.0;Y01
201600040789;1.0;1;0;0.0;2.0;6.0;2.0;B01
201600040823;0.0;1;0;0.0;2.0;8.0;1.0;B01
201600040841;0.0;1;0;0.0;2.0;1.0;1.0;B01
201600040857;0.0;1;0;0.0;0.0;7.0;10.0;A01
201600040900;0.0;1;0;0.0;2.0;1.0;0.0;B01
201600040949;0.0;1;0;0.0;0.0;1.0;3.0;B01
201600040991;0.0;1;0;0.0;2.0;4.0;2.0;B01
201600041025;1.0;1;0;0.0;2.0;1.0;1.0;A01
201600041028;0.0;1;0;0.0;2.0;1.0;2.0;A01
201600041066;0.0;1;0;0.0;2.0;1.0;1.0;B01
201600041087;0.0;1;0;0.0;2.0;3.0;9.0;B01
201600041108;0.0;1;0;0.0;0.0;6.0;2.0;A01
201600041120;0.0;1;0;0.0;9.0;1.0;23.0;A01
201600041154;0.0;1;0;0.0;2.0;1.0;18.0;B01
201600041156;1.0;1;0;0.0;0.0;0.0;0.0;B01
201600041202;2.0;1;0;1.0;0.0;2.0;2.0;A01
201600041204;1.0;1;0;0.0;2.0;8.0;2.0;B01
201600041218;1.0;1;0;0.0;2.0;7.0;0.0;B01
201600041242;0.0;1;0;0.0;0.0;0.0;0.0;B01
201600041252;0.0;1;0;0.0;2.0;1.0;0.0;B01
201600041342;1.0;1;0;0.0;1.0;1.0;21.0;A01
201600041347;2.0;1;0;0.0;1.0;1.0;1.0;A01
201600041371;0.0;1;0;0.0;2.0;4.0;19.0;B01
201600041393;0.0;1;0;0.0;0.0;0.0;1.0;B01
201600041395;0.0;1;0;0.0;2.0;0.0;1.0;B01
201600041415;0.0;1;0;0.0;0.0;4.0;0.0;A01
201600041419;0.0;1;0;0.0;2.0;1.0;0.0;B01
201600041487;0.0;1;0;0.0;0.0;0.0;0.0;B01
201600041510;0.0;1;0;0.0;2.0;4.0;12.0;B01
201600041519;0.0;1;0;0.0;2.0;1.0;0.0;B01
201600041541;2.0;1;0;0.0;2.0;7.0;0.0;A01
201600041584;0.0;1;0;0.0;2.0;0.0;0.0;B01
201600041586;0.0;1;0;0.0;2.0;7.0;1.0;A01
201600041596;0.0;1;0;0.0;2.0;7.0;0.0;B01
201600041626;0.0;1;0;0.0;0.0;0.0;0.0;A01
201600041663;0.0;1;0;0.0;0.0;4.0;2.0;B01
201600041705;0.0;1;0;0.0;0.0;0.0;0.0;B01
201600041787;0.0;1;0;0.0;2.0;4.0;0.0;B01
201600041831;0.0;1;0;0.0;2.0;0.0;0.0;B01
201600041889;0.0;1;0;0.0;2.0;1.0;1.0;B01
201600041900;0.0;1;0;0.0;2.0;0.0;0.0;B01
201600042002;0.0;1;0;0.0;2.0;7.0;2.0;B01
201600042022;1.0;1;0;0.0;2.0;4.0;1.0;B01
201600042117;0.0;1;0;0.0;2.0;1.0;1.0;B01
201600042123;1.0;1;0;0.0;2.0;4.0;1.0;B01
201600042124;1.0;1;0;0.0;2.0;1.0;1.0;B01
201600042126;1.0;1;0;0.0;2.0;4.0;1.0;B01
201600042146;0.0;1;0;0.0;2.0;8.0;11.0;B01
201600042164;0.0;1;0;0.0;2.0;1.0;1.0;B01
201600042205;1.0;1;0;0.0;2.0;6.0;19.0;A01
201600042208;0.0;1;0;0.0;2.0;1.0;9.0;B01
201600042234;0.0;1;0;0.0;2.0;1.0;5.0;B01
201600042235;0.0;1;0;0.0;0.0;4.0;0.0;B01
201600042254;0.0;1;0;0.0;0.0;0.0;1.0;A01
201600042256;0.0;1;0;0.0;0.0;4.0;19.0;B01
201600042261;2.0;1;0;0.0;2.0;1.0;0.0;B01
201600042321;0.0;1;0;0.0;2.0;1.0;1.0;B01
201600042327;0.0;1;0;0.0;2.0;1.0;15.0;A01
201600042335;0.0;1;0;0.0;2.0;1.0;1.0;B01
201600042380;1.0;1;0;0.0;2.0;4.0;15.0;A01
201600042408;0.0;1;0;0.0;2.0;8.0;16.0;B01
201600042409;1.0;1;0;0.0;0.0;7.0;19.0;B01
201600042523;0.0;1;0;0.0;2.0;1.0;2.0;B01
201600042580;0.0;1;0;0.0;2.0;4.0;1.0;B01
201600042589;0.0;1;0;0.0;2.0;4.0;1.0;B01
201600042595;0.0;1;0;0.0;2.0;1.0;2.0;A01
201600042606;0.0;1;0;0.0;2.0;1.0;8.0;A01
201600042676;0.0;1;0;0.0;2.0;1.0;19.0;A01
201600042699;0.0;1;0;0.0;2.0;1.0;1.0;B01
201600042715;2.0;1;0;0.0;2.0;8.0;1.0;B01
201600042722;0.0;1;0;0.0;0.0;3.0;0.0;B01
201600042724;0.0;1;0;0.0;0.0;8.0;13.0;A01
201600042727;0.0;1;0;0.0;1.0;1.0;0.0;A01
201600042729;0.0;1;0;0.0;2.0;3.0;1.0;B01
201600042732;0.0;1;0;0.0;0.0;0.0;0.0;B01
201600042769;1.0;1;0;0.0;1.0;1.0;1.0;Z01
201600042800;0.0;1;0;0.0;2.0;2.0;15.0;B01
201600042828;1.0;1;0;0.0;2.0;8.0;1.0;B01
201600042834;0.0;1;0;0.0;0.0;3.0;1.0;B01
201600042845;0.0;1;0;0.0;2.0;1.0;9.0;B01
201600042857;0.0;1;0;1.0;2.0;1.0;19.0;B01
201600042873;0.0;1;0;0.0;2.0;5.0;1.0;A01
201600042901;2.0;1;0;0.0;2.0;8.0;11.0;B01
201600042902;0.0;1;0;0.0;2.0;1.0;1.0;B01
201600043036;0.0;1;0;0.0;2.0;1.0;0.0;B01
201600043060;1.0;1;0;0.0;2.0;8.0;19.0;B01
201600043087;1.0;1;0;0.0;0.0;0.0;2.0;B01
201600043097;0.0;1;0;0.0;0.0;1.0;1.0;B01
201600043105;0.0;1;0;0.0;0.0;5.0;17.0;B01
201600043183;1.0;1;0;0.0;2.0;4.0;23.0;B01
201600043187;0.0;1;0;0.0;2.0;8.0;0.0;A01
201600043190;0.0;1;0;0.0;2.0;0.0;19.0;B01
201600043192;0.0;1;0;0.0;2.0;1.0;0.0;A01
201600043200;0.0;1;0;0.0;2.0;9.0;1.0;B01
201600043202;1.0;1;0;0.0;2.0;1.0;1.0;A01
201600043215;1.0;1;0;0.0;2.0;1.0;3.0;A01
201600043221;0.0;1;0;0.0;0.0;3.0;2.0;B01
201600043248;1.0;1;0;0.0;0.0;4.0;2.0;B01
201600043249;0.0;1;0;0.0;0.0;8.0;1.0;B01
201600043256;2.0;1;0;0.0;1.0;1.0;16.0;A01
201600043283;1.0;1;0;0.0;2.0;7.0;3.0;B01
201600043285;2.0;1;0;0.0;2.0;1.0;21.0;B01
201600043329;0.0;1;0;0.0;2.0;1.0;1.0;B01
201600043338;0.0;1;0;0.0;2.0;3.0;1.0;B01
201600043342;0.0;1;0;0.0;2.0;1.0;1.0;B01
201600043376;1.0;1;0;0.0;2.0;7.0;17.0;B01
201600043401;2.0;1;0;0.0;0.0;4.0;1.0;B01
201600043404;1.0;1;0;0.0;2.0;7.0;19.0;B01
201600043420;0.0;1;0;1.0;0.0;1.0;0.0;B01
201600043425;0.0;1;0;0.0;2.0;8.0;2.0;B01
201600043473;0.0;1;0;0.0;2.0;1.0;1.0;B01
201600043477;2.0;1;0;1.0;0.0;1.0;1.0;B01
201600043488;1.0;1;0;0.0;2.0;5.0;19.0;B01
201600043489;0.0;1;0;1.0;0.0;1.0;1.0;A01
201600043519;0.0;1;0;0.0;2.0;1.0;1.0;A01
201600043535;0.0;1;0;0.0;0.0;7.0;1.0;B01
201600043539;0.0;1;0;0.0;9.0;1.0;16.0;A01
201600043539;0.0;1;0;0.0;9.0;1.0;1.0;B01
201600043545;0.0;1;0;0.0;2.0;4.0;5.0;A01
201600043554;0.0;1;0;0.0;2.0;8.0;1.0;B01
201600043560;0.0;1;0;14.0;0.0;1.0;1.0;A01
201600043565;0.0;1;0;0.0;2.0;6.0;1.0;B01
201600043575;0.0;1;0;0.0;2.0;7.0;1.0;B01
201600043576;0.0;1;0;0.0;2.0;1.0;1.0;A01
201600043580;0.0;1;0;1.0;0.0;7.0;1.0;B01
201600043593;0.0;1;0;0.0;1.0;1.0;2.0;A01
201600043624;2.0;1;0;0.0;2.0;1.0;1.0;B01
201600043645;1.0;1;0;0.0;2.0;8.0;19.0;B01
201600043710;0.0;1;0;0.0;0.0;0.0;0.0;A01
201600043717;0.0;1;0;0.0;0.0;0.0;0.0;B01
201600043744;0.0;1;0;0.0;0.0;2.0;1.0;B01
201600043796;0.0;1;0;0.0;2.0;2.0;1.0;B01