Num_Acc;senc;catv;occutc;obs;obsm;choc;manv;num_veh
201600043805;2.0;1;0;0.0;1.0;1.0;1.0;A01
201600043811;1.0;1;0;0.0;2.0;4.0;11.0;B01
201600043829;0.0;1;0;0.0;1.0;1.0;1.0;A01
201600043837;0.0;1;0;0.0;1.0;0.0;19.0;A01
201600043840;0.0;1;0;0.0;1.0;1.0;1.0;Z01
201600043881;1.0;1;0;0.0;2.0;4.0;1.0;B01
201600043988;0.0;1;0;0.0;2.0;1.0;9.0;B01
201600043991;0.0;1;0;0.0;2.0;0.0;13.0;A01
201600044027;2.0;1;0;0.0;2.0;2.0;16.0;B01
201600044027;2.0;1;0;0.0;2.0;9.0;1.0;A01
201600044049;0.0;1;0;0.0;2.0;3.0;1.0;A01
201600044063;1.0;1;0;0.0;2.0;8.0;19.0;A01
201600044070;2.0;1;0;0.0;2.0;4.0;2.0;B01
201600044116;0.0;1;0;1.0;0.0;1.0;1.0;B01
201600044122;0.0;1;0;0.0;2.0;1.0;19.0;A01
201600044179;0.0;1;0;0.0;2.0;1.0;5.0;A01
201600044182;0.0;1;0;6.0;0.0;1.0;1.0;A01
201600044198;1.0;1;0;0.0;2.0;1.0;1.0;Z01
201600044211;0.0;1;0;0.0;2.0;3.0;13.0;A01
201600044230;2.0;1;0;0.0;2.0;1.0;1.0;B01
201600044257;0.0;1;0;0.0;0.0;0.0;0.0;Z01
201600044276;0.0;1;0;0.0;2.0;1.0;1.0;B01
201600044280;0.0;1;0;0.0;2.0;4.0;1.0;A01
201600044290;0.0;1;0;0.0;2.0;7.0;1.0;B01
201600044303;0.0;1;0;0.0;2.0;1.0;1.0;B01
201600044306;1.0;1;0;0.0;2.0;8.0;16.0;B01
201600044321;0.0;1;0;0.0;1.0;1.0;1.0;Z01
201600044341;0.0;1;0;0.0;2.0;3.0;1.0;B01
201600044342;2.0;1;0;0.0;2.0;6.0;2.0;B01
201600044344;0.0;1;0;0.0;2.0;4.0;2.0;A01
201600044344;0.0;1;0;0.0;2.0;1.0;1.0;Z01
201600044367;0.0;1;0;0.0;2.0;1.0;1.0;B01
201600044405;0.0;1;0;0.0;0.0;3.0;1.0;B01
201600044417;0.0;1;0;0.0;2.0;2.0;15.0;A01
201600044424;1.0;1;0;0.0;1.0;0.0;0.0;Z01
201600044497;1.0;1;0;0.0;1.0;1.0;1.0;Z01
201600044552;1.0;1;0;0.0;0.0;0.0;0.0;B01
201600044552;1.0;1;0;0.0;0.0;0.0;0.0;C01
201600044661;2.0;1;0;0.0;2.0;4.0;1.0;B01
201600045501;2.0;1;0;0.0;2.0;1.0;0.0;Z01
201600045688;0.0;1;0;0.0;0.0;0.0;0.0;Z01
201600045792;2.0;1;0;14.0;0.0;1.0;1.0;A01
201600046329;1.0;1;0;0.0;0.0;0.0;0.0;Z01
201600046954;0.0;1;0;0.0;0.0;0.0;0.0;Z01
201600047113;1.0;1;0;0.0;2.0;3.0;3.0;B01
201600047182;2.0;1;0;0.0;0.0;0.0;0.0;A01
201600048080;1.0;1;0;0.0;2.0;4.0;2.0;B01
201600048163;1.0;1;0;0.0;2.0;1.0;13.0;B01
201600048253;2.0;1;0;0.0;2.0;3.0;2.0;B01
201600048254;1.0;1;0;0.0;2.0;1.0;1.0;B01
201600048260;1.0;1;0;0.0;2.0;1.0;1.0;B01
201600048337;1.0;1;0;0.0;1.0;1.0;1.0;A01
201600048347;2.0;1;0;0.0;2.0;7.0;1.0;B01
201600048354;1.0;1;0;0.0;2.0;1.0;2.0;A01
201600048362;1.0;1;0;0.0;0.0;6.0;1.0;A01
201600048370;0.0;1;0;12.0;0.0;1.0;1.0;A01
201600048375;2.0;1;0;0.0;2.0;1.0;2.0;A01
201600048386;0.0;1;0;0.0;2.0;3.0;15.0;B01
201600048393;1.0;1;0;0.0;0.0;4.0;0.0;B01
201600048399;2.0;1;0;0.0;2.0;3.0;1.0;B01
201600048414;1.0;1;0;0.0;2.0;4.0;1.0;B01
201600048420;1.0;1;0;0.0;2.0;1.0;1.0;B01
201600048425;1.0;1;0;0.0;1.0;5.0;15.0;A01
201600048426;0.0;1;0;0.0;2.0;7.0;2.0;B01
201600048452;2.0;1;0;0.0;1.0;1.0;1.0;A01
201600048464;1.0;1;0;0.0;1.0;0.0;0.0;A01
201600048483;2.0;1;0;0.0;2.0;4.0;2.0;B01
201600048489;1.0;1;0;0.0;0.0;0.0;0.0;A01
201600048492;1.0;1;0;12.0;0.0;2.0;1.0;A01
201600048496;1.0;1;0;0.0;1.0;0.0;0.0;A01
201600048498;0.0;1;0;0.0;2.0;1.0;1.0;B01
201600048501;2.0;1;0;0.0;2.0;4.0;2.0;B01
201600048505;2.0;1;0;0.0;2.0;3.0;2.0;B01
201600048517;2.0;1;0;0.0;2.0;1.0;1.0;B01
201600048519;1.0;1;0;0.0;2.0;3.0;13.0;B01
201600048520;1.0;1;0;0.0;2.0;0.0;0.0;B01
201600048527;2.0;1;0;0.0;2.0;1.0;1.0;B01
201600048529;2.0;1;0;0.0;2.0;1.0;2.0;A01
201600048539;2.0;1;0;0.0;2.0;0.0;2.0;B01
201600048542;1.0;1;0;0.0;2.0;0.0;0.0;B01
201600048543;1.0;1;0;0.0;2.0;8.0;2.0;B01
201600048551;1.0;1;0;0.0;1.0;0.0;0.0;Z01
201600048576;1.0;1;0;0.0;2.0;4.0;1.0;B01
201600048579;2.0;1;0;0.0;1.0;2.0;1.0;A01
201600048585;2.0;1;0;0.0;2.0;1.0;0.0;B01
201600048585;1.0;1;0;0.0;2.0;1.0;0.0;A01
201600048588;2.0;1;0;0.0;2.0;0.0;17.0;B01
201600048589;1.0;1;0;1.0;2.0;1.0;2.0;A01
201600048590;1.0;1;0;0.0;1.0;0.0;0.0;A01
201600048595;2.0;1;0;0.0;2.0;5.0;19.0;A01
201600048607;1.0;1;0;0.0;2.0;0.0;0.0;B01
201600048616;1.0;1;0;0.0;2.0;8.0;13.0;A01
201600048617;1.0;1;0;0.0;2.0;2.0;5.0;B01
201600048618;1.0;1;0;0.0;2.0;8.0;1.0;B01
201600048623;2.0;1;0;0.0;2.0;2.0;3.0;B01
201600048626;2.0;1;0;0.0;1.0;1.0;1.0;A01
201600048627;1.0;1;0;0.0;2.0;7.0;1.0;A01
201600048637;2.0;1;0;1.0;0.0;7.0;1.0;B01
201600048640;1.0;1;0;0.0;2.0;7.0;1.0;B01
201600048644;1.0;1;0;0.0;2.0;8.0;9.0;B01
201600048645;1.0;1;0;0.0;2.0;4.0;1.0;B01
201600048653;1.0;1;0;0.0;2.0;8.0;15.0;A01
201600048656;1.0;1;0;0.0;1.0;0.0;0.0;A01
201600048658;1.0;1;0;0.0;2.0;1.0;1.0;B01
201600048664;1.0;1;0;0.0;2.0;0.0;17.0;B01
201600048671;2.0;1;0;1.0;0.0;0.0;0.0;A01
201600048673;1.0;1;0;0.0;2.0;7.0;2.0;B01
201600048684;1.0;1;0;0.0;2.0;8.0;13.0;A01
201600048688;1.0;1;0;0.0;2.0;4.0;19.0;B01
201600048691;1.0;1;0;0.0;2.0;1.0;8.0;B01
201600048695;1.0;1;0;0.0;2.0;1.0;15.0;A01
201600048704;1.0;1;0;0.0;2.0;0.0;5.0;A01
201600048705;1.0;1;0;0.0;2.0;1.0;23.0;B01
201600048706;1.0;1;0;0.0;2.0;8.0;15.0;B01
201600048733;2.0;1;0;0.0;2.0;4.0;0.0;B01
201600048755;1.0;1;0;1.0;0.0;1.0;1.0;B01
201600048759;1.0;1;0;1.0;2.0;2.0;2.0;B01
201600048760;1.0;1;0;0.0;2.0;0.0;2.0;A01
201600048781;1.0;1;0;0.0;1.0;0.0;0.0;Z01
201600048782;1.0;1;0;0.0;1.0;1.0;1.0;A01
201600048964;1.0;1;0;0.0;2.0;1.0;2.0;B01
201600048970;2.0;1;0;0.0;2.0;1.0;1.0;B01
201600048973;1.0;1;0;0.0;1.0;1.0;1.0;A01
201600048983;1.0;1;0;0.0;2.0;6.0;0.0;A01
201600048988;0.0;1;0;0.0;2.0;8.0;1.0;A01
201600048992;1.0;1;0;0.0;2.0;6.0;1.0;A01
201600049002;1.0;1;0;0.0;1.0;1.0;1.0;A01
201600049004;1.0;1;0;0.0;2.0;8.0;15.0;B01
201600049005;0.0;1;0;0.0;0.0;0.0;1.0;B01
201600049006;1.0;1;0;0.0;2.0;7.0;19.0;A01
201600049015;2.0;1;0;16.0;2.0;7.0;19.0;B01
201600049019;2.0;1;0;0.0;2.0;0.0;0.0;B01
201600049020;1.0;1;0;0.0;2.0;8.0;0.0;A01
201600049042;2.0;1;0;0.0;1.0;7.0;1.0;B01
201600049054;1.0;1;0;0.0;2.0;0.0;0.0;A01
201600049079;1.0;1;0;0.0;1.0;0.0;0.0;A01
201600049082;1.0;1;0;0.0;2.0;0.0;0.0;B01
201600049084;0.0;1;0;11.0;0.0;0.0;0.0;A01
201600049085;0.0;1;0;0.0;0.0;0.0;0.0;B01
201600049088;2.0;1;0;0.0;2.0;1.0;1.0;B01
201600049097;1.0;1;0;0.0;2.0;7.0;1.0;A01
201600049105;0.0;1;0;0.0;2.0;4.0;0.0;B01
201600049114;0.0;1;0;0.0;1.0;1.0;17.0;A01
201600049117;1.0;1;0;0.0;2.0;1.0;13.0;A01
201600049119;1.0;1;0;0.0;1.0;1.0;2.0;A01
201600049120;1.0;1;0;0.0;2.0;8.0;0.0;B01
201600049135;1.0;1;0;0.0;2.0;2.0;16.0;B01
201600049138;1.0;1;0;0.0;2.0;0.0;0.0;B01
201600049166;0.0;1;0;0.0;1.0;2.0;1.0;A01
201600049167;1.0;1;0;0.0;2.0;4.0;2.0;A01
201600049168;1.0;1;0;0.0;1.0;1.0;2.0;A01
201600049199;1.0;1;0;0.0;0.0;1.0;5.0;A01
201600049201;1.0;1;0;0.0;0.0;0.0;0.0;B01
201600049202;1.0;1;0;0.0;1.0;0.0;0.0;A01
201600049209;2.0;1;0;0.0;0.0;0.0;0.0;A01
201600049211;1.0;1;0;0.0;0.0;0.0;0.0;B01
201600049228;0.0;1;0;0.0;0.0;0.0;0.0;B01
201600049230;0.0;1;0;0.0;0.0;0.0;0.0;A01
201600049242;2.0;1;0;0.0;2.0;1.0;1.0;B01
201600049246;1.0;1;0;0.0;2.0;0.0;0.0;B01
201600049256;1.0;1;0;0.0;2.0;1.0;17.0;A01
201600049264;1.0;1;0;0.0;0.0;0.0;0.0;Z01
201600049278;2.0;1;0;0.0;2.0;1.0;1.0;B01
201600049283;1.0;1;0;0.0;0.0;0.0;0.0;B01
201600049286;2.0;1;0;0.0;2.0;0.0;0.0;B01
201600049289;2.0;1;0;0.0;2.0;1.0;1.0;B01
201600049291;1.0;1;0;0.0;1.0;1.0;0.0;A01
201600049294;0.0;1;0;0.0;0.0;4.0;0.0;B01
201600049298;1.0;1;0;0.0;2.0;7.0;0.0;B01
201600049302;2.0;1;0;0.0;2.0;8.0;11.0;A01
201600049303;1.0;1;0;0.0;2.0;8.0;13.0;A01
201600049308;2.0;1;0;0.0;1.0;7.0;2.0;A01
201600049309;0.0;1;0;0.0;0.0;0.0;0.0;B01
201600049319;1.0;1;0;0.0;0.0;0.0;0.0;B01
201600049321;2.0;1;0;0.0;2.0;7.0;1.0;B01
201600049336;1.0;1;0;0.0;2.0;7.0;2.0;B01
201600049365;1.0;1;0;0.0;2.0;4.0;19.0;B01
201600049371;0.0;1;0;0.0;2.0;4.0;1.0;A01
201600049375;1.0;1;0;0.0;2.0;1.0;16.0;B01
201600049381;2.0;1;0;0.0;9.0;4.0;15.0;B01
201600049391;2.0;1;0;0.0;0.0;0.0;0.0;B01
201600049393;0.0;1;0;0.0;2.0;1.0;0.0;B01
201600049394;1.0;1;0;0.0;0.0;0.0;0.0;B01
201600049398;2.0;1;0;0.0;2.0;3.0;19.0;A01
201600049402;1.0;1;0;1.0;0.0;1.0;1.0;B01
201600049415;1.0;1;0;0.0;2.0;7.0;1.0;A01
201600049416;2.0;1;0;0.0;2.0;1.0;1.0;A01
201600049417;0.0;1;0;0.0;0.0;0.0;0.0;B01
201600049429;1.0;1;0;0.0;2.0;1.0;21.0;A01
201600049432;1.0;1;0;0.0;2.0;8.0;13.0;B01
201600049438;2.0;1;0;0.0;1.0;1.0;1.0;A01
201600049451;1.0;1;0;0.0;1.0;1.0;1.0;A01
201600049453;1.0;1;0;0.0;2.0;1.0;1.0;A01
201600049457;1.0;1;0;0.0;2.0;8.0;18.0;B01
201600049460;2.0;1;0;1.0;0.0;1.0;1.0;B01
201600049462;0.0;1;0;0.0;2.0;0.0;2.0;A01
201600049469;0.0;1;0;0.0;2.0;1.0;1.0;Y01
201600049475;1.0;1;0;0.0;1.0;1.0;1.0;A01
201600049479;0.0;1;0;0.0;2.0;1.0;1.0;B01
201600049480;1.0;1;0;0.0;2.0;0.0;0.0;B01
201600049496;2.0;1;0;0.0;2.0;1.0;1.0;A01
201600049499;1.0;1;0;0.0;2.0;3.0;0.0;B01
201600049506;0.0;1;0;0.0;2.0;1.0;1.0;B01
201600049507;1.0;1;0;1.0;0.0;0.0;0.0;Y01
201600049508;2.0;1;0;0.0;0.0;5.0;0.0;B01
201600049509;1.0;1;0;0.0;0.0;0.0;0.0;B01
201600049510;1.0;1;0;0.0;2.0;7.0;2.0;A01
201600049514;0.0;1;0;0.0;2.0;3.0;1.0;B01
201600049519;0.0;1;0;0.0;2.0;9.0;13.0;A01
201600049535;2.0;1;0;0.0;2.0;1.0;1.0;B01
201600049537;0.0;1;0;0.0;2.0;7.0;1.0;B01
201600049539;1.0;1;0;0.0;2.0;0.0;0.0;A01
201600049547;1.0;1;0;0.0;2.0;1.0;19.0;B01
201600049564;0.0;1;0;0.0;0.0;0.0;0.0;B01
201600049565;1.0;1;0;0.0;2.0;1.0;1.0;B01
201600049574;1.0;1;0;0.0;2.0;1.0;0.0;B01
201600049581;1.0;1;0;0.0;0.0;0.0;0.0;B01
201600049582;1.0;1;0;0.0;0.0;0.0;0.0;Y01
201600049599;0.0;1;0;0.0;0.0;0.0;0.0;B01
201600049605;1.0;1;0;0.0;2.0;0.0;0.0;C01
201600049605;1.0;1;0;0.0;2.0;3.0;19.0;A01
201600049612;1.0;1;0;0.0;4.0;1.0;1.0;B01
201600049616;1.0;1;0;0.0;4.0;8.0;19.0;B01
201600049619;1.0;1;0;0.0;2.0;0.0;1.0;B01
201600049627;0.0;1;0;0.0;2.0;6.0;2.0;A01
201600049633;1.0;1;0;0.0;0.0;0.0;0.0;B01
201600050195;1.0;1;0;0.0;0.0;0.0;0.0;Z01
201600050233;0.0;1;0;0.0;2.0;4.0;2.0;D01
201600050247;1.0;1;0;0.0;1.0;0.0;0.0;Z01
201600050247;1.0;1;0;0.0;0.0;0.0;0.0;T01
201600050280;1.0;1;0;0.0;2.0;8.0;19.0;B01
201600050625;1.0;1;0;0.0;2.0;1.0;0.0;Z01
201600050683;2.0;1;0;0.0;0.0;0.0;0.0;B01
201600050985;1.0;1;0;0.0;0.0;0.0;0.0;A01
201600051081;0.0;1;0;0.0;0.0;0.0;0.0;B01
201600051089;2.0;1;0;1.0;0.0;1.0;13.0;A01
201600051103;1.0;1;0;0.0;2.0;0.0;7.0;B01
201600051103;1.0;1;0;0.0;2.0;0.0;17.0;A01
201600051104;1.0;1;0;0.0;2.0;8.0;21.0;A01
201600051110;2.0;1;0;1.0;2.0;8.0;15.0;A01
201600051131;2.0;1;0;0.0;1.0;1.0;1.0;A01
201600051139;1.0;1;0;0.0;2.0;0.0;7.0;B01
201600051144;1.0;1;0;0.0;2.0;3.0;18.0;A01
201600051148;1.0;1;0;0.0;2.0;8.0;1.0;B01
201600051151;0.0;1;0;0.0;2.0;0.0;2.0;B01
201600051164;1.0;1;0;1.0;2.0;2.0;1.0;B01
201600051172;1.0;1;0;0.0;2.0;1.0;1.0;B01
201600051177;1.0;1;0;12.0;0.0;1.0;14.0;A01
201600051191;1.0;1;0;0.0;2.0;8.0;1.0;B01
201600051199;2.0;1;0;0.0;2.0;1.0;1.0;B01
201600051214;2.0;1;0;0.0;0.0;0.0;1.0;A01
201600051232;1.0;1;0;0.0;2.0;3.0;15.0;B01
201600051233;2.0;1;0;0.0;1.0;7.0;1.0;A01
201600051235;0.0;1;0;0.0;1.0;1.0;1.0;A01
201600051237;2.0;1;0;0.0;2.0;1.0;1.0;A01
201600051238;2.0;1;0;1.0;1.0;1.0;1.0;A01
201600051242;1.0;1;0;0.0;2.0;3.0;7.0;B01
201600051244;1.0;1;0;0.0;2.0;0.0;2.0;B01
201600051252;1.0;1;0;0.0;1.0;1.0;1.0;A01
201600051254;2.0;1;0;0.0;2.0;1.0;5.0;A01
201600051264;1.0;1;0;0.0;1.0;1.0;1.0;A01
201600051265;2.0;1;0;0.0;2.0;2.0;1.0;A01
201600051268;1.0;1;0;0.0;2.0;7.0;1.0;B01
201600051277;1.0;1;0;0.0;2.0;1.0;1.0;B01
201600051286;1.0;1;0;0.0;2.0;1.0;1.0;B01
201600051288;0.0;1;0;0.0;2.0;1.0;1.0;A01
201600051295;1.0;1;0;0.0;2.0;3.0;7.0;A01
201600051297;1.0;1;0;0.0;2.0;1.0;1.0;A01
201600051317;1.0;1;0;0.0;2.0;1.0;17.0;A01
201600051318;1.0;1;0;0.0;2.0;1.0;1.0;B01
201600051337;2.0;1;0;0.0;2.0;8.0;18.0;B01
201600051339;2.0;1;0;0.0;2.0;8.0;7.0;A01
201600051342;2.0;1;0;0.0;2.0;1.0;7.0;B01
201600051347;1.0;1;0;0.0;0.0;1.0;1.0;A01
201600051354;2.0;1;0;0.0;2.0;3.0;13.0;A01
201600051355;2.0;1;0;0.0;2.0;1.0;7.0;B01
201600051357;1.0;1;0;0.0;2.0;7.0;1.0;A01
201600051360;2.0;1;0;0.0;2.0;1.0;2.0;A01
201600051365;1.0;1;0;0.0;1.0;8.0;1.0;A01
201600051368;1.0;1;0;0.0;2.0;1.0;17.0;B01
201600051371;2.0;1;0;0.0;2.0;2.0;17.0;B01
201600051374;2.0;1;0;0.0;0.0;0.0;1.0;A01
201600051375;1.0;1;0;0.0;2.0;3.0;7.0;B01
201600051376;1.0;1;0;0.0;2.0;0.0;1.0;B01
201600051377;2.0;1;0;0.0;2.0;7.0;5.0;B01
201600051379;1.0;1;0;0.0;2.0;0.0;13.0;B01
201600051383;1.0;1;0;0.0;2.0;1.0;1.0;B01
201600051384;1.0;1;0;0.0;2.0;4.0;7.0;B01
201600051388;2.0;1;0;0.0;2.0;1.0;1.0;A01
201600051391;2.0;1;0;0.0;2.0;2.0;17.0;B01
201600051391;2.0;1;0;0.0;2.0;4.0;15.0;A01
201600051397;2.0;1;0;0.0;1.0;0.0;1.0;Z01
201600051398;2.0;1;0;0.0;2.0;3.0;1.0;A01
201600051399;2.0;1;0;0.0;1.0;1.0;7.0;A01
201600051403;1.0;1;0;0.0;2.0;0.0;18.0;B01
201600051412;2.0;1;0;0.0;2.0;1.0;2.0;A01
201600051418;2.0;1;0;0.0;2.0;3.0;15.0;A01
201600051420;2.0;1;0;0.0;2.0;8.0;7.0;B01
201600051422;2.0;1;0;0.0;2.0;0.0;1.0;A01
201600051424;2.0;1;0;0.0;2.0;7.0;1.0;A01
201600051428;1.0;1;0;1.0;2.0;1.0;17.0;A01
201600051431;1.0;1;0;0.0;2.0;1.0;23.0;B01
201600051431;2.0;1;0;0.0;2.0;1.0;13.0;A01
201600051439;2.0;1;0;8.0;0.0;1.0;5.0;A01
201600051440;2.0;1;0;0.0;2.0;1.0;5.0;A01
201600051445;2.0;1;0;0.0;2.0;0.0;5.0;A01
201600051453;0.0;1;0;0.0;2.0;0.0;1.0;B01
201600051467;2.0;1;0;0.0;2.0;1.0;19.0;A01
201600051472;1.0;1;0;0.0;1.0;8.0;7.0;A01
201600051473;1.0;1;0;0.0;2.0;0.0;15.0;B01
201600051481;1.0;1;0;0.0;2.0;1.0;17.0;B01
201600051488;1.0;1;0;0.0;2.0;1.0;1.0;B01
201600051490;2.0;1;0;0.0;2.0;1.0;1.0;B01
201600051491;1.0;1;0;0.0;2.0;2.0;1.0;B01
201600051495;2.0;1;0;0.0;2.0;1.0;5.0;A01
201600051498;1.0;1;0;0.0;1.0;0.0;1.0;A01
201600051500;2.0;1;0;0.0;2.0;1.0;7.0;A01
201600051507;1.0;1;0;0.0;1.0;2.0;7.0;A01
201600051513;1.0;1;0;0.0;2.0;1.0;1.0;B01
201600051525;1.0;1;0;0.0;1.0;0.0;1.0;A01
201600051526;2.0;1;0;0.0;2.0;2.0;1.0;B01
201600051543;1.0;1;0;0.0;2.0;1.0;1.0;B01
201600051550;1.0;1;0;0.0;2.0;8.0;1.0;B01
201600051554;2.0;1;0;0.0;2.0;1.0;17.0;B01
201600051559;1.0;1;0;0.0;2.0;8.0;19.0;A01
201600051562;2.0;1;0;0.0;2.0;7.0;7.0;A01
201600051562;2.0;1;0;0.0;2.0;8.0;7.0;B01
201600051568;1.0;1;0;0.0;1.0;1.0;16.0;A01
201600051571;1.0;1;0;8.0;0.0;0.0;21.0;A01
201600051582;2.0;1;0;0.0;2.0;0.0;7.0;B01
201600051583;1.0;1;0;0.0;2.0;1.0;19.0;B01
201600051587;1.0;1;0;0.0;2.0;5.0;14.0;B01
201600051594;2.0;1;0;0.0;2.0;5.0;1.0;A01
201600051595;1.0;1;0;0.0;2.0;7.0;15.0;A01
201600051597;2.0;1;0;0.0;2.0;0.0;1.0;B01
201600051600;2.0;1;0;0.0;2.0;1.0;7.0;B01
201600051605;1.0;1;0;0.0;2.0;1.0;1.0;B01
201600051613;1.0;1;0;0.0;2.0;8.0;18.0;A01
201600051616;2.0;1;0;0.0;2.0;0.0;5.0;A01
201600051617;2.0;1;0;0.0;1.0;7.0;5.0;A01
201600051622;2.0;1;0;0.0;2.0;1.0;7.0;B01
201600051630;1.0;1;0;0.0;2.0;1.0;1.0;B01
201600051638;1.0;1;0;0.0;0.0;8.0;21.0;A01
201600051640;0.0;1;0;0.0;2.0;8.0;1.0;B01
201600051642;1.0;1;0;0.0;2.0;3.0;1.0;B01
201600051647;2.0;1;0;0.0;2.0;0.0;7.0;B01
201600051651;1.0;1;0;0.0;2.0;1.0;2.0;A01
201600051652;1.0;1;0;0.0;2.0;7.0;1.0;B01
201600051654;2.0;1;0;0.0;2.0;3.0;1.0;B01
201600051655;2.0;1;0;0.0;2.0;3.0;1.0;B01
201600051657;2.0;1;0;0.0;2.0;7.0;15.0;A01
201600051661;2.0;1;0;12.0;0.0;1.0;14.0;A01
201600051662;2.0;1;0;0.0;2.0;1.0;7.0;B01
201600051666;1.0;1;0;0.0;2.0;8.0;18.0;B01
201600051668;2.0;1;0;0.0;2.0;7.0;1.0;B01
201600051676;1.0;1;0;0.0;1.0;0.0;1.0;Z01
201600051687;1.0;1;0;0.0;2.0;2.0;1.0;A01
201600051688;2.0;1;0;0.0;2.0;1.0;1.0;B01
201600051690;1.0;1;0;0.0;2.0;1.0;5.0;A01
201600051700;2.0;1;0;0.0;2.0;8.0;1.0;A01
201600051701;1.0;1;0;0.0;2.0;3.0;19.0;B01
201600051705;1.0;1;0;0.0;1.0;1.0;1.0;A01
201600051710;1.0;1;0;1.0;2.0;0.0;1.0;B01
201600051711;1.0;1;0;0.0;2.0;3.0;11.0;A01
201600051713;2.0;1;0;0.0;2.0;8.0;1.0;B01
201600051721;1.0;1;0;0.0;2.0;5.0;1.0;B01
201600051725;1.0;1;0;0.0;2.0;1.0;18.0;B01
201600051726;2.0;1;0;0.0;2.0;0.0;7.0;B01
201600051727;2.0;1;0;0.0;2.0;1.0;1.0;B01
201600051731;1.0;1;0;0.0;2.0;1.0;5.0;B01
201600051733;2.0;1;0;0.0;2.0;3.0;16.0;B01
201600051733;2.0;1;0;0.0;2.0;2.0;16.0;A01
201600051743;2.0;1;0;0.0;2.0;3.0;13.0;A01
201600051745;2.0;1;0;0.0;1.0;1.0;5.0;A01
201600051746;1.0;1;0;0.0;2.0;0.0;1.0;B01
201600051753;0.0;1;0;0.0;2.0;1.0;7.0;B01
201600051757;0.0;1;0;0.0;2.0;7.0;19.0;A01
201600051761;2.0;1;0;0.0;2.0;1.0;5.0;A01
201600051762;1.0;1;0;0.0;1.0;1.0;15.0;A01
201600051770;1.0;1;0;0.0;1.0;1.0;1.0;A01
201600051774;2.0;1;0;0.0;2.0;0.0;15.0;A01
201600051778;1.0;1;0;0.0;1.0;1.0;1.0;A01
201600051784;1.0;1;0;0.0;2.0;2.0;1.0;A01
201600051814;1.0;1;0;8.0;0.0;1.0;1.0;A01
201600051816;1.0;1;0;0.0;2.0;7.0;18.0;B01
201600051817;2.0;1;0;0.0;2.0;0.0;1.0;B01
201600051827;2.0;1;0;0.0;1.0;1.0;1.0;A01
201600051835;1.0;1;0;0.0;2.0;1.0;1.0;A01
201600051837;2.0;1;0;0.0;2.0;0.0;1.0;B01
201600051841;2.0;1;0;0.0;2.0;0.0;5.0;B01
201600051846;0.0;1;0;0.0;2.0;1.0;1.0;A01
201600051848;1.0;1;0;0.0;2.0;8.0;15.0;B01
201600051850;2.0;1;0;0.0;1.0;7.0;1.0;A01
201600051853;2.0;1;0;0.0;2.0;3.0;1.0;B01
201600051859;1.0;1;0;0.0;2.0;0.0;13.0;B01
201600051865;2.0;1;0;0.0;2.0;8.0;1.0;A01
201600051868;2.0;1;0;0.0;2.0;1.0;7.0;B01
201600051869;2.0;1;0;0.0;0.0;0.0;1.0;A01
201600051873;1.0;1;0;0.0;1.0;0.0;1.0;A01
201600051874;2.0;1;0;0.0;2.0;8.0;23.0;B01
201600051885;2.0;1;0;0.0;2.0;1.0;5.0;A01
201600051888;2.0;1;0;0.0;2.0;8.0;1.0;B01
201600051890;1.0;1;0;1.0;2.0;7.0;1.0;B01
201600051894;1.0;1;0;0.0;2.0;3.0;13.0;B01
201600051895;1.0;1;0;0.0;2.0;7.0;1.0;B01
201600051897;2.0;1;0;0.0;2.0;8.0;1.0;B01
201600051907;2.0;1;0;0.0;0.0;0.0;1.0;A01
201600051908;2.0;1;0;1.0;2.0;7.0;1.0;A01
201600051910;2.0;1;0;0.0;1.0;1.0;1.0;A01
201600051911;1.0;1;0;0.0;2.0;8.0;1.0;B01
201600051916;2.0;1;0;0.0;2.0;0.0;0.0;B01
201600051920;1.0;1;0;0.0;1.0;1.0;1.0;A01
201600051921;1.0;1;0;0.0;1.0;1.0;1.0;Z01
201600051922;1.0;1;0;0.0;2.0;1.0;2.0;A01
201600051925;2.0;1;0;0.0;2.0;0.0;1.0;B01
201600051929;1.0;1;0;12.0;0.0;1.0;14.0;A01
201600051945;2.0;1;0;0.0;2.0;8.0;0.0;B01
201600051953;1.0;1;0;0.0;2.0;1.0;1.0;B01
201600051954;1.0;1;0;0.0;2.0;1.0;17.0;A01
201600051955;2.0;1;0;0.0;2.0;3.0;19.0;A01
201600051957;2.0;1;0;0.0;1.0;1.0;1.0;A01
201600051976;2.0;1;0;0.0;2.0;0.0;1.0;B01
201600051990;0.0;1;0;14.0;2.0;6.0;13.0;B01
201600051992;2.0;1;0;0.0;2.0;1.0;7.0;B01
201600051996;1.0;1;0;0.0;1.0;2.0;1.0;A01
201600052003;1.0;1;0;0.0;2.0;0.0;13.0;A01
201600052013;1.0;1;0;0.0;2.0;7.0;1.0;B01
201600052022;1.0;1;0;0.0;0.0;0.0;1.0;A01