Num_Acc;senc;catv;occutc;obs;obsm;choc;manv;num_veh
201600052025;1.0;1;0;0.0;2.0;6.0;1.0;B01
201600052030;1.0;1;0;0.0;1.0;0.0;7.0;Z01
201600052032;1.0;1;0;14.0;0.0;1.0;1.0;A01
201600052042;2.0;1;0;1.0;0.0;1.0;15.0;A01
201600052043;1.0;1;0;0.0;2.0;8.0;18.0;A01
201600052043;1.0;1;0;0.0;2.0;7.0;12.0;B01
201600052053;2.0;1;0;0.0;2.0;1.0;1.0;B01
201600052057;0.0;1;0;0.0;2.0;8.0;5.0;B01
201600052059;1.0;1;0;0.0;2.0;8.0;13.0;A01
201600052059;1.0;1;0;0.0;2.0;5.0;17.0;B01
201600052060;1.0;1;0;0.0;0.0;7.0;1.0;A01
201600052061;0.0;1;0;0.0;2.0;4.0;19.0;B01
201600052066;0.0;1;0;0.0;2.0;8.0;1.0;B01
201600052072;2.0;1;0;0.0;1.0;7.0;1.0;A01
201600052081;1.0;1;0;0.0;2.0;7.0;1.0;B01
201600052083;1.0;1;0;1.0;2.0;1.0;1.0;A01
201600052084;0.0;1;0;0.0;2.0;4.0;1.0;B01
201600052088;1.0;1;0;0.0;2.0;8.0;1.0;B01
201600052092;0.0;1;0;0.0;2.0;0.0;16.0;B01
201600052094;1.0;1;0;0.0;2.0;8.0;18.0;B01
201600052096;1.0;1;0;0.0;2.0;1.0;13.0;A01
201600052096;2.0;1;0;0.0;2.0;1.0;14.0;B01
201600052098;2.0;1;0;0.0;2.0;0.0;15.0;A01
201600052099;0.0;1;0;0.0;2.0;4.0;1.0;B01
201600052107;1.0;1;0;0.0;2.0;0.0;1.0;B01
201600052118;2.0;1;0;1.0;2.0;8.0;13.0;A01
201600052119;0.0;1;0;0.0;2.0;2.0;19.0;B01
201600052136;0.0;1;0;0.0;2.0;0.0;1.0;B01
201600052161;2.0;1;0;0.0;0.0;1.0;1.0;A01
201600052187;2.0;1;0;0.0;2.0;3.0;15.0;B01
201600052196;1.0;1;0;0.0;2.0;2.0;1.0;B01
201600052202;1.0;1;0;0.0;2.0;1.0;7.0;B01
201600052214;1.0;1;0;0.0;2.0;0.0;1.0;B01
201600052223;1.0;1;0;0.0;2.0;3.0;1.0;B01
201600052237;2.0;1;0;0.0;2.0;1.0;1.0;B01
201600052243;2.0;1;0;0.0;2.0;7.0;1.0;B01
201600052256;1.0;1;0;0.0;2.0;8.0;19.0;A01
201600052267;2.0;1;0;0.0;2.0;2.0;16.0;B01
201600052293;0.0;1;0;0.0;2.0;0.0;1.0;B01
201600052300;2.0;1;0;0.0;2.0;7.0;1.0;B01
201600052307;0.0;1;0;0.0;2.0;0.0;16.0;A01
201600052312;2.0;1;0;0.0;1.0;1.0;1.0;A01
201600052323;0.0;1;0;0.0;2.0;1.0;1.0;B01
201600052324;2.0;1;0;0.0;2.0;0.0;1.0;B01
201600052343;0.0;1;0;0.0;2.0;1.0;18.0;A01
201600052352;1.0;1;0;0.0;2.0;1.0;1.0;A01
201600052356;1.0;1;0;0.0;2.0;0.0;1.0;A01
201600052361;0.0;1;0;0.0;2.0;8.0;1.0;B01
201600052366;1.0;1;0;0.0;2.0;1.0;1.0;A01
201600052368;1.0;1;0;1.0;2.0;3.0;7.0;B01
201600052377;2.0;1;0;0.0;2.0;3.0;7.0;B01
201600052379;0.0;1;0;0.0;2.0;3.0;9.0;A01
201600052388;2.0;1;0;0.0;2.0;1.0;1.0;B01
201600052394;1.0;1;0;0.0;1.0;1.0;7.0;A01
201600052411;2.0;1;0;0.0;2.0;1.0;2.0;B01
201600052414;1.0;1;0;0.0;2.0;3.0;7.0;B01
201600052423;1.0;1;0;0.0;2.0;1.0;19.0;A01
201600052437;2.0;1;0;0.0;1.0;1.0;1.0;A01
201600052440;1.0;1;0;0.0;0.0;2.0;2.0;A01
201600052454;2.0;1;0;0.0;2.0;6.0;1.0;A01
201600052456;0.0;1;0;0.0;2.0;8.0;19.0;B01
201600052472;1.0;1;0;0.0;2.0;8.0;1.0;B01
201600052480;0.0;1;0;0.0;2.0;8.0;7.0;B01
201600052501;2.0;1;0;0.0;2.0;1.0;1.0;B01
201600052513;1.0;1;0;0.0;2.0;3.0;1.0;A01
201600052516;0.0;1;0;0.0;2.0;7.0;18.0;B01
201600052526;1.0;1;0;0.0;2.0;1.0;18.0;B01
201600052529;2.0;1;0;0.0;2.0;3.0;1.0;B01
201600052539;0.0;1;0;0.0;2.0;0.0;1.0;A01
201600052549;1.0;1;0;0.0;2.0;2.0;1.0;A01
201600052562;1.0;1;0;0.0;2.0;2.0;7.0;B01
201600052576;1.0;1;0;0.0;2.0;5.0;7.0;A01
201600052582;2.0;1;0;0.0;2.0;6.0;18.0;B01
201600052596;1.0;1;0;0.0;2.0;4.0;15.0;B01
201600052597;1.0;1;0;0.0;2.0;1.0;2.0;A01
201600052602;2.0;1;0;0.0;2.0;7.0;1.0;B01
201600052604;0.0;1;0;0.0;2.0;1.0;1.0;A01
201600052621;2.0;1;0;0.0;1.0;0.0;5.0;A01
201600052624;1.0;1;0;0.0;2.0;0.0;7.0;B01
201600052626;1.0;1;0;0.0;2.0;1.0;13.0;B01
201600052641;2.0;1;0;1.0;2.0;0.0;0.0;B01
201600052642;2.0;1;0;0.0;2.0;1.0;1.0;A01
201600052645;1.0;1;0;1.0;2.0;3.0;1.0;B01
201600052647;1.0;1;0;1.0;2.0;1.0;18.0;A01
201600052648;1.0;1;0;0.0;2.0;8.0;15.0;B01
201600052659;2.0;1;0;0.0;2.0;1.0;5.0;A01
201600052661;1.0;1;0;0.0;2.0;7.0;1.0;A01
201600052673;1.0;1;0;1.0;2.0;1.0;17.0;B01
201600052683;1.0;1;0;0.0;2.0;0.0;1.0;B01
201600052692;2.0;1;0;1.0;2.0;4.0;1.0;B01
201600052701;2.0;1;0;0.0;2.0;4.0;2.0;A01
201600052711;2.0;1;0;0.0;1.0;0.0;7.0;A01
201600052719;2.0;1;0;0.0;2.0;0.0;16.0;A01
201600052737;1.0;1;0;8.0;2.0;1.0;7.0;B01
201600052745;2.0;1;0;0.0;0.0;9.0;1.0;A01
201600052746;1.0;1;0;0.0;0.0;0.0;21.0;A01
201600052747;1.0;1;0;0.0;2.0;1.0;1.0;A01
201600052764;1.0;1;0;0.0;2.0;1.0;1.0;B01
201600052768;1.0;1;0;0.0;1.0;1.0;1.0;Z01
201600052774;2.0;1;0;0.0;2.0;4.0;2.0;B01
201600052777;2.0;1;0;0.0;2.0;1.0;1.0;B01
201600052778;1.0;1;0;1.0;2.0;1.0;2.0;B01
201600052781;2.0;1;0;0.0;2.0;1.0;1.0;B01
201600052787;2.0;1;0;0.0;2.0;1.0;1.0;B01
201600052791;1.0;1;0;0.0;2.0;1.0;1.0;B01
201600052794;2.0;1;0;0.0;2.0;1.0;7.0;A01
201600052804;1.0;1;0;0.0;2.0;1.0;1.0;B01
201600052805;2.0;1;0;0.0;1.0;1.0;21.0;A01
201600052815;2.0;1;0;0.0;1.0;1.0;1.0;A01
201600052816;2.0;1;0;0.0;2.0;0.0;1.0;B01
201600052821;1.0;1;0;16.0;2.0;2.0;19.0;B01
201600052825;2.0;1;0;0.0;1.0;1.0;5.0;A01
201600052829;2.0;1;0;0.0;2.0;1.0;13.0;A01
201600052846;2.0;1;0;0.0;1.0;1.0;1.0;A01
201600052850;1.0;1;0;0.0;2.0;1.0;1.0;B01
201600052867;1.0;1;0;0.0;2.0;0.0;1.0;B01
201600052868;2.0;1;0;8.0;2.0;1.0;1.0;B01
201600052868;2.0;1;0;0.0;2.0;0.0;19.0;A01
201600052877;1.0;1;0;0.0;1.0;1.0;1.0;Z01
201600052883;1.0;1;0;0.0;1.0;1.0;1.0;A01
201600052884;1.0;1;0;0.0;1.0;0.0;1.0;A01
201600052889;1.0;1;0;0.0;2.0;8.0;1.0;B01
201600052900;1.0;1;0;0.0;1.0;1.0;2.0;B01
201600052902;2.0;1;0;0.0;1.0;0.0;7.0;A01
201600052903;2.0;1;0;0.0;1.0;0.0;1.0;A01
201600052904;2.0;1;0;0.0;0.0;2.0;18.0;B01
201600052911;2.0;1;0;1.0;2.0;1.0;1.0;B01
201600052913;1.0;1;0;0.0;1.0;1.0;1.0;A01
201600052915;2.0;1;0;0.0;1.0;0.0;1.0;A01
201600052918;2.0;1;0;12.0;1.0;1.0;1.0;A01
201600052926;2.0;1;0;0.0;2.0;1.0;7.0;B01
201600052927;2.0;1;0;0.0;2.0;8.0;13.0;B01
201600052930;0.0;1;0;0.0;2.0;0.0;19.0;A01
201600052932;2.0;1;0;0.0;2.0;7.0;1.0;B01
201600052934;2.0;1;0;0.0;1.0;8.0;1.0;Z01
201600052938;2.0;1;0;0.0;2.0;1.0;5.0;A01
201600052945;2.0;1;0;0.0;2.0;6.0;1.0;B01
201600052948;2.0;1;0;0.0;2.0;1.0;1.0;B01
201600052956;1.0;1;0;0.0;0.0;0.0;1.0;A01
201600052961;2.0;1;0;0.0;2.0;2.0;1.0;B01
201600052978;1.0;1;0;0.0;0.0;4.0;15.0;A01
201600053006;2.0;1;0;0.0;2.0;4.0;23.0;B01
201600053013;1.0;1;0;0.0;2.0;7.0;1.0;B01
201600053018;1.0;1;0;0.0;1.0;1.0;1.0;A01
201600053019;1.0;1;0;0.0;2.0;8.0;1.0;B01
201600053023;1.0;1;0;1.0;2.0;1.0;1.0;A01
201600053025;1.0;1;0;0.0;0.0;0.0;1.0;A01
201600053031;2.0;1;0;0.0;2.0;2.0;1.0;B01
201600053041;1.0;1;0;0.0;2.0;1.0;1.0;B01
201600053047;2.0;1;0;0.0;2.0;1.0;1.0;A01
201600053053;2.0;1;0;0.0;2.0;1.0;1.0;A01
201600053058;0.0;1;0;0.0;2.0;8.0;19.0;B01
201600053059;1.0;1;0;0.0;2.0;1.0;13.0;A01
201600053068;1.0;1;0;16.0;2.0;8.0;19.0;B01
201600053070;1.0;1;0;0.0;2.0;1.0;1.0;B01
201600053077;2.0;1;0;0.0;2.0;0.0;1.0;A01
201600053083;2.0;1;0;0.0;2.0;1.0;1.0;A01
201600053089;2.0;1;0;0.0;2.0;0.0;1.0;A01
201600053095;2.0;1;0;0.0;2.0;7.0;1.0;B01
201600053096;1.0;1;0;0.0;2.0;1.0;1.0;B01
201600053097;2.0;1;0;0.0;2.0;1.0;1.0;B01
201600053103;2.0;1;0;0.0;2.0;6.0;1.0;A01
201600053105;0.0;1;0;0.0;2.0;1.0;19.0;B01
201600053109;1.0;1;0;0.0;1.0;0.0;1.0;A01
201600053114;2.0;1;0;0.0;2.0;5.0;1.0;A01
201600053118;2.0;1;0;0.0;2.0;1.0;1.0;B01
201600053121;1.0;1;0;0.0;2.0;1.0;1.0;B01
201600053134;1.0;1;0;0.0;2.0;1.0;2.0;A01
201600053139;1.0;1;0;0.0;2.0;1.0;15.0;A01
201600053140;0.0;1;0;0.0;2.0;8.0;19.0;B01
201600053146;1.0;1;0;0.0;2.0;1.0;1.0;B01
201600053161;0.0;1;0;0.0;2.0;0.0;19.0;A01
201600053164;1.0;1;0;0.0;2.0;8.0;1.0;A01
201600053165;2.0;1;0;0.0;2.0;1.0;1.0;B01
201600053171;2.0;1;0;0.0;2.0;1.0;1.0;B01
201600053172;1.0;1;0;0.0;1.0;2.0;2.0;A01
201600053174;1.0;1;0;0.0;2.0;0.0;1.0;B01
201600053175;1.0;1;0;0.0;1.0;8.0;1.0;A01
201600053177;1.0;1;0;1.0;2.0;5.0;5.0;B01
201600053182;2.0;1;0;0.0;2.0;1.0;1.0;A01
201600053185;2.0;1;0;0.0;2.0;2.0;1.0;B01
201600053195;1.0;1;0;0.0;2.0;0.0;13.0;B01
201600053197;1.0;1;0;0.0;2.0;8.0;1.0;C01
201600053198;2.0;1;0;0.0;2.0;3.0;16.0;A01
201600053202;1.0;1;0;0.0;1.0;7.0;1.0;Z01
201600053207;1.0;1;0;0.0;2.0;8.0;1.0;B01
201600053210;2.0;1;0;0.0;1.0;1.0;7.0;A01
201600053214;2.0;1;0;0.0;2.0;8.0;1.0;B01
201600053215;2.0;1;0;0.0;2.0;3.0;7.0;B01
201600053216;1.0;1;0;0.0;2.0;4.0;16.0;B01
201600053233;1.0;1;0;0.0;1.0;8.0;16.0;A01
201600053234;1.0;1;0;0.0;2.0;1.0;18.0;B01
201600053243;1.0;1;0;0.0;2.0;5.0;1.0;B01
201600053247;2.0;1;0;0.0;2.0;1.0;1.0;A01
201600053247;1.0;1;0;0.0;2.0;5.0;1.0;B01
201600053250;2.0;1;0;0.0;0.0;0.0;1.0;A01
201600053251;1.0;1;0;0.0;1.0;0.0;0.0;A01
201600053260;2.0;1;0;0.0;2.0;0.0;11.0;A01
201600053261;2.0;1;0;0.0;2.0;8.0;1.0;B01
201600053262;2.0;1;0;0.0;2.0;8.0;23.0;B01
201600053263;2.0;1;0;0.0;2.0;0.0;12.0;B01
201600053265;1.0;1;0;0.0;2.0;1.0;1.0;B01
201600053274;1.0;1;0;0.0;2.0;1.0;18.0;B01
201600053283;1.0;1;0;0.0;2.0;8.0;18.0;B01
201600053283;1.0;1;0;0.0;2.0;4.0;14.0;A01
201600053292;1.0;1;0;1.0;2.0;1.0;1.0;B01
201600053296;1.0;1;0;0.0;1.0;1.0;1.0;Z01
201600053300;1.0;1;0;0.0;2.0;3.0;7.0;B01
201600053302;0.0;1;0;0.0;2.0;1.0;16.0;A01
201600053312;2.0;1;0;0.0;1.0;1.0;1.0;A01
201600053321;1.0;1;0;0.0;2.0;0.0;1.0;B01
201600053342;1.0;1;0;0.0;1.0;1.0;1.0;A01
201600053347;2.0;1;0;0.0;2.0;1.0;1.0;B01
201600053352;1.0;1;0;0.0;2.0;1.0;1.0;A01
201600053377;1.0;1;0;1.0;2.0;0.0;1.0;B01
201600053380;2.0;1;0;0.0;2.0;0.0;17.0;B01
201600053402;2.0;1;0;0.0;1.0;1.0;1.0;A01
201600053407;2.0;1;0;0.0;2.0;1.0;7.0;B01
201600053409;2.0;1;0;0.0;2.0;1.0;19.0;B01
201600053418;2.0;1;0;0.0;2.0;1.0;1.0;B01
201600053419;0.0;1;0;1.0;0.0;0.0;1.0;A01
201600053423;1.0;1;0;14.0;0.0;1.0;1.0;A01
201600053427;1.0;1;0;0.0;2.0;8.0;18.0;B01
201600053430;1.0;1;0;1.0;0.0;1.0;14.0;A01
201600053439;1.0;1;0;0.0;2.0;1.0;2.0;A01
201600053455;1.0;1;0;0.0;2.0;1.0;1.0;A01
201600053464;1.0;1;0;0.0;0.0;2.0;21.0;A01
201600053465;1.0;1;0;0.0;0.0;3.0;1.0;A01
201600053471;1.0;1;0;0.0;2.0;3.0;13.0;A01
201600053478;1.0;1;0;0.0;2.0;4.0;15.0;B01
201600053482;2.0;1;0;0.0;2.0;1.0;23.0;B01
201600053485;1.0;1;0;0.0;2.0;1.0;19.0;A01
201600053488;1.0;1;0;0.0;2.0;1.0;1.0;B01
201600053506;1.0;1;0;0.0;2.0;8.0;11.0;B01
201600053507;0.0;1;0;0.0;2.0;1.0;1.0;A01
201600053507;0.0;1;0;0.0;2.0;4.0;1.0;Z01
201600053509;0.0;1;0;0.0;2.0;3.0;1.0;B01
201600053509;0.0;1;0;0.0;2.0;8.0;1.0;C01
201600053509;0.0;1;0;0.0;2.0;5.0;14.0;A01
201600053515;1.0;1;0;0.0;2.0;1.0;1.0;B01
201600053515;1.0;1;0;0.0;2.0;0.0;1.0;C01
201600053526;2.0;1;0;0.0;2.0;0.0;17.0;A01
201600053533;2.0;1;0;0.0;2.0;8.0;1.0;B01
201600053549;2.0;1;0;0.0;2.0;8.0;1.0;B01
201600053564;0.0;1;0;0.0;1.0;0.0;1.0;A01
201600053565;0.0;1;0;0.0;2.0;0.0;2.0;A01
201600053574;1.0;1;0;0.0;2.0;2.0;1.0;B01
201600053576;2.0;1;0;0.0;2.0;4.0;2.0;A01
201600053587;1.0;1;0;0.0;1.0;1.0;18.0;A01
201600053589;0.0;1;0;0.0;2.0;1.0;19.0;B01
201600053592;1.0;1;0;0.0;1.0;1.0;1.0;A01
201600053603;1.0;1;0;0.0;2.0;7.0;19.0;A01
201600053605;1.0;1;0;0.0;2.0;1.0;1.0;A01
201600053606;1.0;1;0;1.0;2.0;2.0;1.0;B01
201600053611;1.0;1;0;0.0;0.0;1.0;1.0;A01
201600053614;2.0;1;0;0.0;2.0;1.0;5.0;B01
201600053616;1.0;1;0;0.0;2.0;1.0;1.0;B01
201600053618;1.0;1;0;0.0;2.0;4.0;2.0;A01
201600053620;1.0;1;0;0.0;2.0;0.0;13.0;B01
201600053630;1.0;1;0;1.0;0.0;3.0;1.0;A01
201600053660;1.0;1;0;1.0;0.0;7.0;14.0;A01
201600053670;2.0;1;0;1.0;0.0;0.0;21.0;A01
201600053673;1.0;1;0;0.0;2.0;5.0;1.0;A01
201600053680;0.0;1;0;0.0;2.0;8.0;1.0;B01
201600053685;1.0;1;0;0.0;2.0;1.0;1.0;B01
201600053686;1.0;1;0;0.0;2.0;0.0;1.0;A01
201600053702;1.0;1;0;0.0;2.0;2.0;1.0;B01
201600053704;2.0;1;0;0.0;2.0;1.0;1.0;B01
201600053707;1.0;1;0;0.0;2.0;0.0;1.0;B01
201600053708;1.0;1;0;0.0;1.0;1.0;1.0;A01
201600053712;1.0;1;0;0.0;0.0;0.0;7.0;A01
201600053714;2.0;1;0;0.0;2.0;2.0;1.0;B01
201600053715;2.0;1;0;0.0;2.0;1.0;1.0;B01
201600053729;0.0;1;0;0.0;2.0;0.0;1.0;B01
201600053744;1.0;1;0;0.0;2.0;1.0;1.0;A01
201600053751;2.0;1;0;0.0;2.0;1.0;2.0;A01
201600053757;2.0;1;0;0.0;2.0;1.0;1.0;A01
201600053768;2.0;1;0;0.0;0.0;0.0;1.0;A01
201600053773;1.0;1;0;0.0;2.0;3.0;1.0;B01
201600053816;1.0;1;0;0.0;2.0;1.0;1.0;B01
201600053821;1.0;1;0;0.0;2.0;7.0;1.0;B01
201600053823;2.0;1;0;0.0;2.0;3.0;1.0;B01
201600053827;2.0;1;0;0.0;2.0;1.0;1.0;B01
201600053840;1.0;1;0;14.0;0.0;0.0;1.0;A01
201600053850;2.0;1;0;0.0;2.0;2.0;1.0;B01
201600053854;1.0;1;0;0.0;2.0;1.0;1.0;B01
201600053863;2.0;1;0;0.0;2.0;4.0;14.0;B01
201600053869;0.0;1;0;0.0;0.0;0.0;1.0;A01
201600053874;2.0;1;0;0.0;2.0;8.0;1.0;B01
201600053876;1.0;1;0;12.0;0.0;0.0;1.0;A01
201600053879;2.0;1;0;0.0;2.0;8.0;7.0;B01
201600053883;0.0;1;0;0.0;0.0;0.0;1.0;A01
201600053890;1.0;1;0;0.0;2.0;1.0;15.0;A01
201600053901;1.0;1;0;0.0;2.0;1.0;1.0;B01
201600053903;2.0;1;0;0.0;0.0;0.0;21.0;A01
201600053904;1.0;1;0;0.0;2.0;7.0;1.0;B01
201600053906;1.0;1;0;0.0;2.0;1.0;15.0;A01
201600053908;1.0;1;0;0.0;2.0;8.0;7.0;A01
201600053917;0.0;1;0;0.0;2.0;8.0;19.0;B01
201600053918;1.0;1;0;1.0;0.0;1.0;1.0;A01
201600053921;2.0;1;0;0.0;2.0;8.0;13.0;B01
201600053924;0.0;1;0;0.0;2.0;0.0;1.0;B01
201600053925;1.0;1;0;0.0;2.0;1.0;7.0;B01
201600053928;1.0;1;0;0.0;2.0;1.0;1.0;B01
201600053937;2.0;1;0;0.0;1.0;0.0;1.0;Z01
201600053949;2.0;1;0;0.0;2.0;3.0;1.0;B01
201600053950;2.0;1;0;0.0;2.0;1.0;1.0;B01
201600053953;1.0;1;0;0.0;2.0;1.0;18.0;B01
201600053954;1.0;1;0;0.0;2.0;8.0;1.0;B01
201600053958;2.0;1;0;0.0;0.0;0.0;1.0;A01
201600053963;2.0;1;0;0.0;2.0;1.0;1.0;B01
201600053967;1.0;1;0;0.0;2.0;4.0;12.0;A01
201600053975;0.0;1;0;0.0;2.0;1.0;2.0;A01
201600053982;1.0;1;0;0.0;2.0;1.0;1.0;A01
201600053986;2.0;1;0;0.0;2.0;1.0;5.0;A01
201600053988;1.0;1;0;0.0;1.0;1.0;1.0;A01
201600053990;2.0;1;0;0.0;2.0;1.0;1.0;A01
201600053994;2.0;1;0;0.0;2.0;1.0;1.0;A01
201600053998;1.0;1;0;1.0;2.0;8.0;1.0;B01
201600054016;1.0;1;0;0.0;2.0;8.0;1.0;B01
201600054020;2.0;1;0;0.0;2.0;1.0;7.0;B01
201600054022;2.0;1;0;0.0;2.0;1.0;1.0;B01
201600054024;1.0;1;0;0.0;2.0;1.0;1.0;B01
201600054027;1.0;1;0;0.0;2.0;4.0;23.0;B01
201600054043;2.0;1;0;0.0;1.0;1.0;1.0;A01
201600054049;1.0;1;0;0.0;2.0;2.0;1.0;A01
201600054058;0.0;1;0;0.0;2.0;4.0;9.0;B01
201600054059;2.0;1;0;0.0;2.0;0.0;1.0;A01
201600054080;2.0;1;0;0.0;2.0;0.0;18.0;B01
201600054088;1.0;1;0;0.0;2.0;2.0;1.0;B01
201600054098;1.0;1;0;0.0;2.0;1.0;1.0;B01
201600054105;0.0;1;0;0.0;1.0;1.0;7.0;A01
201600054112;0.0;1;0;0.0;2.0;0.0;7.0;A01
201600054127;1.0;1;0;0.0;2.0;4.0;2.0;B01
201600054129;2.0;1;0;0.0;2.0;1.0;1.0;B01
201600054137;1.0;1;0;0.0;1.0;1.0;15.0;A01
201600054141;2.0;1;0;0.0;1.0;1.0;1.0;A01
201600054176;0.0;1;0;0.0;1.0;1.0;16.0;A01
201600054177;1.0;1;0;0.0;2.0;1.0;1.0;B01
201600054190;0.0;1;0;0.0;2.0;1.0;17.0;B01
201600054192;1.0;1;0;0.0;2.0;2.0;1.0;B01
201600054205;2.0;1;0;0.0;1.0;1.0;1.0;Z01
201600054206;0.0;1;0;0.0;2.0;1.0;2.0;A01
201600054223;2.0;1;0;0.0;2.0;7.0;18.0;A01
201600054234;1.0;1;0;0.0;2.0;3.0;9.0;A01
201600054245;2.0;1;0;1.0;2.0;1.0;1.0;B01
201600054259;1.0;1;0;15.0;0.0;1.0;21.0;A01
201600054262;2.0;1;0;0.0;2.0;1.0;1.0;B01
201600054273;1.0;1;0;0.0;2.0;1.0;18.0;B01
201600054276;1.0;1;0;0.0;1.0;1.0;1.0;A01
201600054287;1.0;1;0;0.0;2.0;1.0;16.0;B01
201600054288;1.0;1;0;1.0;1.0;1.0;1.0;A01
201600054290;1.0;1;0;0.0;2.0;0.0;14.0;A01
201600054294;2.0;1;0;1.0;2.0;1.0;1.0;B01
201600054295;1.0;1;0;0.0;2.0;6.0;15.0;A01
201600054303;0.0;1;0;0.0;2.0;4.0;2.0;B01
201600054315;0.0;1;0;0.0;2.0;3.0;1.0;B01
201600054320;2.0;1;0;0.0;2.0;1.0;1.0;B01
201600054325;0.0;1;0;0.0;2.0;0.0;1.0;B01
201600054331;2.0;1;0;0.0;2.0;1.0;1.0;B01
201600054339;1.0;1;0;0.0;2.0;6.0;7.0;B01
201600054342;2.0;1;0;0.0;2.0;3.0;1.0;B01
201600054357;2.0;1;0;0.0;2.0;5.0;2.0;B01
201600054375;2.0;1;0;0.0;0.0;7.0;21.0;A01
201600054384;2.0;1;0;0.0;2.0;1.0;7.0;A01
201600054388;1.0;1;0;0.0;2.0;8.0;7.0;A01
201600054401;1.0;1;0;0.0;2.0;4.0;2.0;A01
201600054418;1.0;1;0;0.0;2.0;1.0;2.0;A01
201600054426;0.0;1;0;0.0;2.0;6.0;1.0;B01
201600054444;2.0;1;0;0.0;2.0;1.0;2.0;B01
201600054458;2.0;1;0;0.0;2.0;1.0;18.0;B01
201600054461;1.0;1;0;0.0;2.0;3.0;19.0;A01
201600054466;2.0;1;0;0.0;2.0;1.0;16.0;B01
201600054471;1.0;1;0;0.0;1.0;3.0;1.0;A01
201600054475;0.0;1;0;1.0;2.0;0.0;1.0;B01
201600054477;2.0;1;0;0.0;2.0;2.0;1.0;B01
201600054480;2.0;1;0;0.0;2.0;4.0;1.0;B01
201600054484;2.0;1;0;0.0;2.0;1.0;5.0;A01
201600054486;1.0;1;0;0.0;2.0;2.0;1.0;B01
201600054490;2.0;1;0;0.0;2.0;1.0;5.0;A01
201600054497;1.0;1;0;0.0;2.0;4.0;1.0;B01
201600054516;2.0;1;0;0.0;2.0;1.0;2.0;A01
201600054523;1.0;1;0;0.0;2.0;0.0;19.0;A01
201600054528;1.0;1;0;0.0;2.0;4.0;11.0;A01
201600054530;1.0;1;0;0.0;2.0;2.0;1.0;B01
201600054540;2.0;1;0;0.0;2.0;1.0;1.0;B01
201600054546;1.0;1;0;0.0;0.0;0.0;21.0;A01
201600054557;1.0;1;0;0.0;2.0;1.0;1.0;B01
201600054568;2.0;1;0;0.0;2.0;1.0;1.0;B01
201600054576;1.0;1;0;0.0;1.0;0.0;1.0;A01
201600054583;1.0;1;0;1.0;2.0;1.0;1.0;B01
201600054584;1.0;1;0;0.0;2.0;6.0;15.0;A01
201600054590;1.0;1;0;0.0;2.0;0.0;1.0;B01
201600054591;1.0;1;0;0.0;2.0;8.0;1.0;A01
201600054601;2.0;1;0;0.0;2.0;1.0;1.0;B01
201600054605;2.0;1;0;0.0;2.0;1.0;1.0;B01
201600054607;1.0;1;0;0.0;0.0;1.0;1.0;A01
201600054610;0.0;1;0;3.0;0.0;1.0;1.0;A01
201600054615;1.0;1;0;0.0;2.0;4.0;2.0;B01
201600054616;2.0;1;0;0.0;2.0;1.0;2.0;A01
201600054616;2.0;1;0;0.0;2.0;4.0;2.0;B01
201600054624;2.0;1;0;0.0;2.0;8.0;15.0;A01
201600054628;0.0;1;0;0.0;2.0;1.0;1.0;B01
201600054643;1.0;1;0;0.0;4.0;1.0;1.0;A01
201600054645;1.0;1;0;1.0;2.0;0.0;1.0;B01
201600054651;2.0;1;0;0.0;2.0;7.0;19.0;B01
201600054657;1.0;1;0;0.0;2.0;1.0;15.0;B01
201600054659;2.0;1;0;0.0;2.0;8.0;19.0;B01
201600054664;2.0;1;0;0.0;2.0;1.0;1.0;B01
201600054672;2.0;1;0;0.0;1.0;1.0;1.0;A01
201600054686;2.0;1;0;0.0;2.0;1.0;1.0;A01
201600054687;0.0;1;0;0.0;2.0;7.0;1.0;B01
201600054694;2.0;1;0;0.0;0.0;1.0;21.0;A01
201600054697;1.0;1;0;0.0;1.0;3.0;5.0;A01
201600054702;2.0;1;0;0.0;2.0;1.0;1.0;B01
201600054704;2.0;1;0;0.0;2.0;7.0;5.0;B01
201600054706;2.0;1;0;0.0;2.0;0.0;1.0;B01
201600054715;2.0;1;0;0.0;2.0;7.0;1.0;A01
201600054716;1.0;1;0;0.0;2.0;7.0;1.0;B01
201600054724;1.0;1;0;0.0;2.0;1.0;1.0;A01
201600054727;2.0;1;0;0.0;1.0;1.0;1.0;A01
201600054731;1.0;1;0;0.0;2.0;4.0;1.0;B01
201600054736;2.0;1;0;0.0;2.0;1.0;1.0;B01
201600054745;1.0;1;0;1.0;2.0;0.0;1.0;B01
201600054746;1.0;1;0;0.0;2.0;4.0;1.0;B01
201600054752;1.0;1;0;0.0;2.0;2.0;1.0;A01
201600054761;2.0;1;0;0.0;1.0;7.0;1.0;A01