Num_Acc;senc;catv;occutc;obs;obsm;choc;manv;num_veh
201600054763;2.0;1;0;0.0;1.0;1.0;1.0;A01
201600054764;2.0;1;0;0.0;2.0;2.0;1.0;B01
201600054779;1.0;1;0;1.0;2.0;2.0;1.0;B01
201600054791;1.0;1;0;0.0;2.0;4.0;14.0;A01
201600054842;0.0;1;0;0.0;2.0;7.0;1.0;A01
201600054878;2.0;1;0;1.0;2.0;2.0;1.0;B01
201600054888;1.0;1;0;0.0;2.0;1.0;2.0;A01
201600054899;1.0;1;0;0.0;1.0;8.0;1.0;A01
201600054912;0.0;1;0;0.0;2.0;1.0;2.0;B01
201600054917;0.0;1;0;0.0;1.0;1.0;1.0;A01
201600054925;0.0;1;0;0.0;2.0;3.0;1.0;B01
201600054949;0.0;1;0;0.0;2.0;7.0;1.0;B01
201600054951;2.0;1;0;0.0;2.0;1.0;5.0;A01
201600054952;0.0;1;0;0.0;1.0;1.0;1.0;A01
201600054959;2.0;1;0;0.0;2.0;1.0;1.0;B01
201600054961;2.0;1;0;1.0;0.0;1.0;1.0;A01
201600054969;0.0;1;0;1.0;2.0;1.0;1.0;B01
201600054982;1.0;1;0;0.0;2.0;3.0;23.0;B01
201600054982;1.0;1;0;0.0;2.0;3.0;23.0;D01
201600054982;1.0;1;0;0.0;2.0;1.0;23.0;C01
201600054988;1.0;1;0;0.0;2.0;1.0;1.0;B01
201600054991;1.0;1;0;0.0;2.0;2.0;14.0;A01
201600055002;2.0;1;0;0.0;2.0;0.0;12.0;A01
201600055026;0.0;1;0;0.0;2.0;4.0;1.0;B01
201600055027;1.0;1;0;0.0;2.0;4.0;15.0;B01
201600055031;2.0;1;0;0.0;1.0;1.0;16.0;A01
201600055035;0.0;1;0;0.0;2.0;2.0;9.0;B01
201600055036;1.0;1;0;0.0;2.0;1.0;7.0;B01
201600055038;1.0;1;0;1.0;2.0;0.0;1.0;B01
201600055039;1.0;1;0;0.0;2.0;1.0;1.0;B01
201600055043;1.0;1;0;0.0;1.0;0.0;1.0;Z01
201600055044;1.0;1;0;0.0;1.0;0.0;1.0;A01
201600055058;0.0;1;0;15.0;2.0;0.0;9.0;A01
201600055059;1.0;1;0;0.0;2.0;8.0;1.0;B01
201600055072;1.0;1;0;1.0;0.0;2.0;14.0;A01
201600055087;1.0;1;0;1.0;2.0;2.0;1.0;B01
201600055093;1.0;1;0;0.0;2.0;5.0;12.0;B01
201600055097;1.0;1;0;1.0;2.0;4.0;1.0;B01
201600055109;2.0;1;0;0.0;2.0;8.0;13.0;B01
201600055111;0.0;1;0;0.0;2.0;3.0;19.0;B01
201600055112;0.0;1;0;0.0;2.0;7.0;1.0;A01
201600055112;0.0;1;0;0.0;2.0;8.0;1.0;Z01
201600055115;1.0;1;0;0.0;1.0;7.0;17.0;A01
201600055122;2.0;1;0;0.0;1.0;1.0;1.0;A01
201600055140;1.0;1;0;0.0;2.0;1.0;5.0;B01
201600055142;0.0;1;0;0.0;2.0;8.0;19.0;A01
201600055154;0.0;1;0;0.0;2.0;4.0;7.0;B01
201600055162;0.0;1;0;0.0;2.0;0.0;19.0;B01
201600055177;1.0;1;0;1.0;2.0;1.0;1.0;B01
201600055186;0.0;1;0;0.0;2.0;7.0;14.0;B01
201600055205;2.0;1;0;0.0;2.0;7.0;17.0;A01
201600055221;2.0;1;0;0.0;1.0;1.0;1.0;A01
201600055228;1.0;1;0;0.0;2.0;1.0;1.0;B01
201600055240;0.0;1;0;0.0;2.0;8.0;18.0;B01
201600055254;0.0;1;0;1.0;2.0;1.0;15.0;B01
201600055293;1.0;1;0;0.0;1.0;7.0;1.0;Z01
201600055301;1.0;1;0;0.0;2.0;3.0;13.0;A01
201600055318;0.0;1;0;0.0;1.0;1.0;1.0;A01
201600055325;0.0;1;0;0.0;2.0;8.0;23.0;C01
201600055332;2.0;1;0;0.0;2.0;2.0;1.0;B01
201600055332;0.0;1;0;1.0;2.0;1.0;9.0;A01
201600055341;1.0;1;0;0.0;2.0;0.0;1.0;B01
201600055344;1.0;1;0;0.0;2.0;3.0;1.0;B01
201600055352;2.0;1;0;0.0;1.0;0.0;1.0;Z01
201600055356;1.0;1;0;0.0;2.0;1.0;17.0;B01
201600055385;2.0;1;0;0.0;2.0;8.0;1.0;B01
201600055402;2.0;1;0;0.0;2.0;0.0;18.0;B01
201600055426;0.0;1;0;0.0;2.0;2.0;1.0;B01
201600055428;2.0;1;0;0.0;2.0;1.0;1.0;B01
201600055437;1.0;1;0;0.0;2.0;0.0;1.0;B01
201600055452;0.0;1;0;0.0;2.0;6.0;12.0;B01
201600055454;1.0;1;0;0.0;2.0;1.0;1.0;A01
201600055459;0.0;1;0;0.0;1.0;1.0;1.0;A01
201600055480;2.0;1;0;0.0;2.0;1.0;1.0;B01
201600055496;1.0;1;0;0.0;2.0;1.0;1.0;A01
201600055501;1.0;1;0;1.0;2.0;1.0;1.0;B01
201600055506;0.0;1;0;0.0;2.0;1.0;1.0;A01
201600055508;0.0;1;0;0.0;2.0;0.0;5.0;A01
201600055509;1.0;1;0;0.0;2.0;1.0;5.0;B01
201600055525;1.0;1;0;0.0;2.0;1.0;1.0;A01
201600055531;1.0;1;0;0.0;2.0;1.0;1.0;A01
201600055551;1.0;1;0;0.0;2.0;3.0;18.0;B01
201600055556;2.0;1;0;0.0;2.0;7.0;1.0;B01
201600055569;1.0;1;0;0.0;2.0;0.0;1.0;B01
201600055603;2.0;1;0;0.0;0.0;0.0;1.0;A01
201600055606;2.0;1;0;0.0;2.0;8.0;1.0;B01
201600055611;1.0;1;0;1.0;2.0;1.0;1.0;B01
201600055617;1.0;1;0;0.0;2.0;2.0;19.0;B01
201600055624;1.0;1;0;0.0;2.0;8.0;1.0;B01
201600055634;1.0;1;0;0.0;1.0;1.0;15.0;A01
201600055647;0.0;1;0;0.0;1.0;0.0;1.0;Z01
201600055655;0.0;1;0;0.0;2.0;8.0;19.0;B01
201600055672;2.0;1;0;0.0;1.0;1.0;5.0;A01
201600055673;0.0;1;0;1.0;2.0;3.0;1.0;B01
201600055674;1.0;1;0;0.0;2.0;8.0;1.0;A01
201600055682;2.0;1;0;0.0;2.0;0.0;15.0;B01
201600055692;2.0;1;0;1.0;0.0;2.0;14.0;A01
201600055698;1.0;1;0;0.0;2.0;0.0;7.0;B01
201600055706;1.0;1;0;0.0;1.0;1.0;1.0;A01
201600055728;1.0;1;0;0.0;2.0;6.0;16.0;A01
201600055734;1.0;1;0;0.0;2.0;1.0;1.0;A01
201600055738;1.0;1;0;0.0;2.0;6.0;23.0;B01
201600055741;1.0;1;0;12.0;0.0;1.0;14.0;A01
201600055744;1.0;1;0;12.0;0.0;0.0;14.0;A01
201600055753;1.0;1;0;14.0;2.0;3.0;13.0;B01
201600055770;1.0;1;0;0.0;1.0;1.0;1.0;A01
201600055771;2.0;1;0;0.0;2.0;8.0;1.0;B01
201600055772;0.0;1;0;0.0;2.0;8.0;19.0;B01
201600055781;2.0;1;0;0.0;2.0;0.0;1.0;B01
201600055799;1.0;1;0;0.0;2.0;3.0;1.0;A01
201600055809;2.0;1;0;0.0;2.0;0.0;1.0;B01
201600055822;0.0;1;0;0.0;2.0;1.0;1.0;B01
201600055822;2.0;1;0;0.0;2.0;3.0;19.0;A01
201600055827;1.0;1;0;0.0;1.0;0.0;1.0;Z01
201600055829;1.0;1;0;0.0;1.0;0.0;1.0;A01
201600055836;1.0;1;0;1.0;2.0;1.0;1.0;B01
201600055839;2.0;1;0;0.0;2.0;8.0;7.0;B01
201600055841;1.0;1;0;0.0;2.0;2.0;17.0;A01
201600055846;1.0;1;0;0.0;2.0;0.0;18.0;A01
201600055847;2.0;1;0;1.0;2.0;1.0;1.0;B01
201600055852;0.0;1;0;1.0;1.0;0.0;1.0;A01
201600055853;2.0;1;0;0.0;1.0;1.0;1.0;A01
201600055858;1.0;1;0;0.0;2.0;3.0;2.0;B01
201600055861;1.0;1;0;0.0;2.0;1.0;1.0;B01
201600055871;1.0;1;0;0.0;2.0;0.0;7.0;B01
201600055873;2.0;1;0;0.0;2.0;1.0;5.0;A01
201600055873;1.0;1;0;0.0;2.0;1.0;1.0;B01
201600055885;1.0;1;0;0.0;2.0;2.0;1.0;B01
201600055905;1.0;1;0;0.0;2.0;1.0;13.0;A01
201600055925;0.0;1;0;0.0;2.0;0.0;1.0;B01
201600055926;1.0;1;0;0.0;1.0;0.0;1.0;A01
201600055945;2.0;1;0;0.0;2.0;1.0;1.0;B01
201600055946;2.0;1;0;0.0;2.0;2.0;1.0;A01
201600055952;1.0;1;0;0.0;2.0;8.0;7.0;B01
201600055957;1.0;1;0;0.0;2.0;0.0;13.0;A01
201600055972;1.0;1;0;0.0;2.0;1.0;1.0;B01
201600055977;1.0;1;0;0.0;1.0;1.0;1.0;A01
201600055979;1.0;1;0;0.0;2.0;0.0;1.0;B01
201600055980;0.0;1;0;0.0;2.0;3.0;1.0;B01
201600055986;1.0;1;0;0.0;2.0;6.0;2.0;B01
201600056002;2.0;1;0;0.0;2.0;3.0;1.0;B01
201600056004;1.0;1;0;0.0;2.0;3.0;1.0;B01
201600056013;1.0;1;0;0.0;2.0;8.0;1.0;B01
201600056014;1.0;1;0;0.0;2.0;1.0;1.0;B01
201600056019;2.0;1;0;0.0;1.0;0.0;1.0;A01
201600056035;2.0;1;0;0.0;2.0;1.0;1.0;B01
201600056066;1.0;1;0;0.0;1.0;1.0;1.0;A01
201600056070;2.0;1;0;0.0;2.0;1.0;19.0;A01
201600056074;1.0;1;0;0.0;2.0;3.0;1.0;B01
201600056078;2.0;1;0;0.0;2.0;1.0;7.0;B01
201600056084;1.0;1;0;0.0;2.0;0.0;19.0;B01
201600056086;1.0;1;0;0.0;1.0;1.0;1.0;A01
201600056097;1.0;1;0;0.0;2.0;8.0;1.0;B01
201600056103;1.0;1;0;0.0;2.0;4.0;2.0;B01
201600056124;2.0;1;0;0.0;2.0;8.0;1.0;B01
201600056132;2.0;1;0;0.0;1.0;1.0;1.0;A01
201600056138;2.0;1;0;0.0;2.0;7.0;15.0;A01
201600056141;1.0;1;0;0.0;2.0;1.0;1.0;B01
201600056147;2.0;1;0;0.0;2.0;0.0;19.0;B01
201600056153;1.0;1;0;0.0;1.0;1.0;1.0;A01
201600056154;1.0;1;0;0.0;2.0;8.0;1.0;B01
201600056166;2.0;1;0;0.0;2.0;1.0;1.0;B01
201600056167;2.0;1;0;0.0;2.0;8.0;17.0;B01
201600056179;0.0;1;0;0.0;1.0;0.0;1.0;Z01
201600056185;1.0;1;0;0.0;2.0;8.0;1.0;B01
201600056185;1.0;1;0;0.0;2.0;1.0;13.0;A01
201600056192;2.0;1;0;0.0;2.0;7.0;7.0;B01
201600056204;2.0;1;0;0.0;2.0;1.0;1.0;A01
201600056205;2.0;1;0;0.0;2.0;1.0;17.0;A01
201600056205;1.0;1;0;0.0;2.0;1.0;1.0;B01
201600056206;2.0;1;0;0.0;2.0;8.0;1.0;B01
201600056209;0.0;1;0;0.0;2.0;7.0;19.0;A01
201600056219;1.0;1;0;0.0;2.0;1.0;1.0;B01
201600056224;2.0;1;0;0.0;2.0;0.0;1.0;B01
201600056227;1.0;1;0;0.0;1.0;1.0;1.0;A01
201600056230;2.0;1;0;0.0;1.0;1.0;1.0;A01
201600056242;2.0;1;0;0.0;2.0;1.0;1.0;B01
201600056253;0.0;1;0;0.0;2.0;0.0;1.0;A01
201600056259;1.0;1;0;0.0;2.0;2.0;15.0;A01
201600056267;1.0;1;0;8.0;0.0;0.0;21.0;A01
201600056268;1.0;1;0;0.0;2.0;1.0;2.0;A01
201600056271;1.0;1;0;0.0;2.0;0.0;7.0;A01
201600056279;1.0;1;0;0.0;1.0;4.0;1.0;A01
201600056281;2.0;1;0;0.0;2.0;1.0;1.0;A01
201600056296;1.0;1;0;0.0;0.0;5.0;1.0;A01
201600056298;1.0;1;0;0.0;2.0;3.0;13.0;B01
201600056309;2.0;1;0;0.0;2.0;0.0;1.0;B01
201600056315;2.0;1;0;0.0;1.0;1.0;1.0;A01
201600056319;0.0;1;0;0.0;2.0;4.0;19.0;B01
201600056321;2.0;1;0;0.0;2.0;4.0;2.0;A01
201600056324;0.0;1;0;0.0;2.0;1.0;1.0;B01
201600056327;2.0;1;0;0.0;2.0;0.0;1.0;B01
201600056328;2.0;1;0;0.0;2.0;4.0;1.0;B01
201600056338;1.0;1;0;0.0;2.0;0.0;1.0;B01
201600056344;1.0;1;0;0.0;2.0;3.0;1.0;B01
201600056353;1.0;1;0;0.0;2.0;3.0;1.0;A01
201600056356;1.0;1;0;1.0;2.0;1.0;1.0;A01
201600056359;1.0;1;0;0.0;2.0;0.0;19.0;B01
201600056363;1.0;1;0;0.0;2.0;7.0;17.0;B01
201600056365;2.0;1;0;0.0;2.0;0.0;17.0;A01
201600056382;2.0;1;0;0.0;1.0;7.0;1.0;A01
201600056404;1.0;1;0;0.0;2.0;1.0;1.0;A01
201600056419;0.0;1;0;0.0;2.0;8.0;1.0;B01
201600056435;2.0;1;0;0.0;1.0;0.0;1.0;A01
201600056438;2.0;1;0;0.0;2.0;1.0;1.0;B01
201600056441;2.0;1;0;0.0;2.0;1.0;23.0;B01
201600056449;0.0;1;0;0.0;1.0;0.0;1.0;A01
201600056455;1.0;1;0;0.0;2.0;1.0;1.0;B01
201600056458;1.0;1;0;0.0;2.0;1.0;1.0;A01
201600056464;1.0;1;0;1.0;2.0;1.0;1.0;B01
201600056476;2.0;1;0;0.0;2.0;1.0;1.0;A01
201600056482;0.0;1;0;0.0;2.0;1.0;7.0;B01
201600056486;0.0;1;0;0.0;2.0;1.0;19.0;B01
201600056498;2.0;1;0;0.0;2.0;1.0;1.0;B01
201600056528;1.0;1;0;0.0;2.0;1.0;1.0;B01
201600056533;1.0;1;0;0.0;2.0;4.0;1.0;B01
201600056535;1.0;1;0;0.0;2.0;1.0;18.0;A01
201600056538;2.0;1;0;0.0;0.0;0.0;1.0;A01
201600056540;2.0;1;0;0.0;2.0;2.0;15.0;B01
201600056541;2.0;1;0;0.0;2.0;1.0;1.0;B01
201600056545;1.0;1;0;0.0;2.0;1.0;1.0;A01
201600056567;2.0;1;0;0.0;2.0;0.0;19.0;B01
201600056590;1.0;1;0;0.0;2.0;2.0;1.0;B01
201600056592;0.0;1;0;0.0;2.0;3.0;1.0;B01
201600056602;2.0;1;0;0.0;1.0;1.0;1.0;A01
201600056606;1.0;1;0;0.0;2.0;0.0;1.0;A01
201600056631;0.0;1;0;0.0;2.0;8.0;18.0;B01
201600056634;2.0;1;0;0.0;2.0;6.0;1.0;B01
201600056649;2.0;1;0;0.0;1.0;0.0;1.0;A01
201600056650;0.0;1;0;0.0;2.0;1.0;18.0;A01
201600056659;1.0;1;0;0.0;1.0;1.0;1.0;A01
201600056661;2.0;1;0;0.0;2.0;1.0;1.0;B01
201600056662;2.0;1;0;0.0;2.0;8.0;19.0;B01
201600056677;2.0;1;0;0.0;1.0;0.0;1.0;A01
201600056679;1.0;1;0;0.0;2.0;4.0;15.0;B01
201600056692;1.0;1;0;0.0;1.0;1.0;1.0;Z01
201600056702;2.0;1;0;0.0;1.0;3.0;1.0;A01
201600056722;1.0;1;0;0.0;2.0;1.0;1.0;B01
201600056734;1.0;1;0;1.0;2.0;7.0;1.0;A01
201600056754;2.0;1;0;0.0;2.0;3.0;1.0;B01
201600056802;0.0;1;0;0.0;2.0;0.0;1.0;B01
201600056811;0.0;1;0;0.0;2.0;1.0;19.0;B01
201600056825;1.0;1;0;0.0;0.0;1.0;21.0;A01
201600056835;0.0;1;0;1.0;2.0;1.0;9.0;A01
201600056855;0.0;1;0;0.0;1.0;1.0;1.0;A01
201600056856;1.0;1;0;0.0;2.0;3.0;7.0;B01
201600056861;1.0;1;0;0.0;2.0;8.0;1.0;B01
201600056871;1.0;1;0;0.0;2.0;6.0;1.0;B01
201600056872;0.0;1;0;0.0;2.0;4.0;1.0;B01
201600056880;0.0;1;0;1.0;2.0;7.0;1.0;B01
201600056883;2.0;1;0;0.0;2.0;8.0;13.0;B01
201600056884;1.0;1;0;0.0;0.0;0.0;1.0;A01
201600056894;2.0;1;0;0.0;2.0;8.0;13.0;B01
201600056904;1.0;1;0;0.0;0.0;3.0;1.0;B01
201600056931;2.0;1;0;1.0;2.0;6.0;1.0;A01
201600056938;1.0;1;0;0.0;2.0;7.0;1.0;B01
201600056959;2.0;1;0;0.0;2.0;1.0;13.0;B01
201600056960;2.0;1;0;0.0;2.0;4.0;1.0;B01
201600056982;2.0;1;0;9.0;0.0;7.0;1.0;A01
201600057001;2.0;1;0;14.0;2.0;1.0;7.0;A01
201600057009;2.0;1;0;0.0;0.0;8.0;1.0;A01
201600057012;2.0;1;0;0.0;2.0;8.0;1.0;B01
201600057546;2.0;1;0;0.0;2.0;4.0;2.0;B02
201600057557;2.0;1;0;0.0;0.0;1.0;1.0;B02
201600057571;2.0;1;0;0.0;2.0;4.0;11.0;B02
201600057575;1.0;1;0;0.0;2.0;8.0;13.0;B02
201600057610;0.0;1;0;0.0;2.0;1.0;5.0;B02
201600057616;0.0;1;0;0.0;2.0;8.0;1.0;A01
201600057623;2.0;1;0;0.0;0.0;4.0;2.0;B02
201600057626;0.0;1;0;0.0;2.0;0.0;1.0;B02
201600057654;2.0;1;0;0.0;2.0;4.0;2.0;B02
201600057659;0.0;1;0;0.0;2.0;1.0;0.0;B02
201600057662;2.0;1;0;0.0;2.0;3.0;9.0;B02
201600057666;0.0;1;0;0.0;2.0;8.0;19.0;B02
201600057673;2.0;1;0;0.0;2.0;4.0;2.0;B02
201600057727;2.0;1;0;0.0;2.0;4.0;11.0;B02
201600057728;1.0;1;0;0.0;2.0;4.0;1.0;B02
201600057737;2.0;1;0;0.0;2.0;4.0;2.0;B02
201600057740;0.0;1;0;0.0;2.0;1.0;1.0;B02
201600057750;0.0;1;0;0.0;0.0;3.0;0.0;B02
201600057757;1.0;1;0;0.0;2.0;4.0;15.0;B02
201600057762;1.0;1;0;0.0;2.0;8.0;15.0;B02
201600057765;0.0;1;0;0.0;0.0;4.0;1.0;A01
201600057767;0.0;1;0;0.0;2.0;1.0;10.0;B02
201600057778;0.0;1;0;13.0;0.0;1.0;1.0;A01
201600057789;0.0;1;0;0.0;0.0;2.0;1.0;B02
201600057792;0.0;1;0;0.0;0.0;8.0;19.0;B02
201600057793;0.0;1;0;0.0;2.0;1.0;15.0;A01
201600057813;2.0;1;0;0.0;2.0;4.0;13.0;A01
201600057832;0.0;1;0;16.0;0.0;0.0;1.0;A01
201600057855;2.0;1;0;0.0;1.0;1.0;1.0;A01
201600057877;0.0;1;0;0.0;2.0;4.0;19.0;B02
201600057904;2.0;1;0;0.0;2.0;1.0;1.0;B02
201600057905;2.0;1;0;0.0;2.0;3.0;1.0;B02
201600057905;2.0;1;0;0.0;2.0;1.0;1.0;C03
201600057912;1.0;1;0;0.0;2.0;1.0;13.0;A01
201600057928;0.0;1;0;0.0;2.0;1.0;1.0;A01
201600057945;1.0;1;0;0.0;2.0;1.0;1.0;A01
201600057953;1.0;1;0;0.0;2.0;1.0;0.0;B02
201600057958;1.0;1;0;1.0;0.0;1.0;5.0;C03
201600057960;1.0;1;0;0.0;0.0;1.0;0.0;B02
201600057975;1.0;1;0;0.0;2.0;0.0;2.0;B02
201600057988;1.0;1;0;15.0;0.0;8.0;21.0;A01
201600057994;0.0;1;0;0.0;2.0;3.0;1.0;B02
201600058010;2.0;1;0;0.0;2.0;1.0;5.0;B02
201600058017;0.0;1;0;0.0;2.0;1.0;18.0;A01
201600058036;2.0;1;0;0.0;2.0;4.0;2.0;A01
201600058036;2.0;1;0;0.0;2.0;4.0;2.0;B02
201600058052;1.0;1;0;0.0;2.0;6.0;1.0;A01
201600058072;0.0;1;0;0.0;2.0;1.0;1.0;B02
201600058137;2.0;1;0;0.0;2.0;1.0;16.0;B02
201600058137;2.0;1;0;0.0;2.0;1.0;16.0;C03
201600058144;1.0;1;0;0.0;2.0;8.0;15.0;A01
201600058150;2.0;1;0;0.0;2.0;8.0;15.0;B02
201600058151;0.0;1;0;0.0;2.0;1.0;1.0;B02
201600058155;0.0;1;0;0.0;2.0;1.0;13.0;A01
201600058181;1.0;1;0;0.0;1.0;0.0;0.0;A01
201600058183;0.0;1;0;0.0;0.0;1.0;0.0;B01
201600058237;0.0;1;0;0.0;2.0;4.0;2.0;C01
201600058237;0.0;1;0;0.0;2.0;4.0;2.0;B01
201600058277;1.0;1;0;0.0;2.0;0.0;0.0;B01
201600058280;1.0;1;0;0.0;2.0;0.0;0.0;B01
201600058296;1.0;1;0;0.0;2.0;1.0;19.0;B01
201600058320;1.0;1;0;0.0;2.0;0.0;0.0;B01
201600058345;1.0;1;0;0.0;2.0;1.0;9.0;A01
201600058363;1.0;1;0;0.0;2.0;3.0;1.0;B01
201600058371;1.0;1;0;16.0;0.0;8.0;13.0;A01
201600058382;1.0;1;0;0.0;2.0;1.0;1.0;B01
201600058410;2.0;1;0;0.0;2.0;1.0;13.0;A01
201600058435;2.0;1;0;0.0;2.0;1.0;13.0;A01
201600058442;1.0;1;0;0.0;2.0;1.0;0.0;B01
201600058467;2.0;1;0;0.0;2.0;4.0;2.0;B01
201600058516;1.0;1;0;0.0;0.0;0.0;0.0;B01
201600058517;1.0;1;0;0.0;0.0;0.0;0.0;B01
201600058537;0.0;1;0;0.0;0.0;0.0;0.0;Z01
201600058546;0.0;1;0;0.0;2.0;3.0;1.0;B01
201600058561;1.0;1;0;0.0;0.0;0.0;0.0;Z01
201600058564;0.0;1;0;0.0;2.0;8.0;19.0;B01
201600058567;0.0;1;0;0.0;0.0;1.0;1.0;A01
201600058579;1.0;1;0;0.0;0.0;0.0;0.0;A01
201600058586;1.0;1;0;0.0;2.0;0.0;14.0;B01
201600058595;1.0;1;0;0.0;0.0;4.0;2.0;B01
201600058598;1.0;1;0;0.0;0.0;0.0;0.0;A01
201600058608;1.0;1;0;0.0;0.0;1.0;0.0;A01
201600058609;0.0;1;0;0.0;2.0;8.0;19.0;A01
201600058615;2.0;1;0;0.0;9.0;4.0;0.0;B01
201600058621;0.0;1;0;0.0;2.0;1.0;2.0;B01
201600058623;1.0;1;0;0.0;2.0;8.0;5.0;A01
201600058627;1.0;1;0;0.0;2.0;1.0;15.0;B01
201600058629;1.0;1;0;0.0;0.0;0.0;0.0;B01
201600058640;1.0;1;0;0.0;2.0;1.0;5.0;A01
201600058648;0.0;1;0;0.0;0.0;0.0;0.0;B01
201600058653;0.0;1;0;0.0;2.0;6.0;1.0;B01
201600058657;2.0;1;0;0.0;2.0;1.0;2.0;B01
201600058658;0.0;1;0;0.0;9.0;0.0;1.0;A01
201600058667;1.0;1;0;0.0;1.0;1.0;1.0;A01
201600058674;1.0;1;0;0.0;0.0;0.0;0.0;A01
201600058681;1.0;1;0;0.0;2.0;8.0;1.0;B01
201600058684;1.0;1;0;0.0;2.0;1.0;2.0;B01
201600058702;0.0;1;0;0.0;2.0;1.0;1.0;B01
201600058717;0.0;1;0;0.0;2.0;1.0;16.0;A01
201600058726;0.0;1;0;0.0;2.0;1.0;15.0;A01
201600058726;0.0;1;0;0.0;2.0;1.0;2.0;B01
201600058741;1.0;1;0;0.0;2.0;2.0;0.0;B01
201600058771;1.0;1;0;0.0;2.0;9.0;2.0;B01
201600058779;0.0;1;0;0.0;0.0;0.0;0.0;Y01
201600058783;1.0;1;0;0.0;2.0;4.0;1.0;B01
201600058786;1.0;1;0;0.0;0.0;0.0;0.0;Z01
201600058805;0.0;1;0;0.0;2.0;1.0;15.0;A01
201600058809;1.0;1;0;0.0;0.0;4.0;2.0;B01
201600058815;1.0;1;0;0.0;2.0;6.0;21.0;A01
201600058819;1.0;1;0;0.0;2.0;4.0;1.0;B01
201600058823;0.0;1;0;0.0;2.0;1.0;10.0;A01
201600058827;1.0;1;0;0.0;2.0;7.0;0.0;B01
201600058832;1.0;1;0;0.0;1.0;0.0;0.0;Z01
201600058835;1.0;1;0;0.0;0.0;0.0;0.0;B01
201600058837;0.0;1;0;0.0;2.0;7.0;1.0;B01
201600058839;1.0;1;0;0.0;2.0;8.0;6.0;A01
201600058845;1.0;1;0;0.0;2.0;0.0;2.0;B01
201600058854;1.0;1;0;0.0;0.0;0.0;0.0;A01
201600058855;0.0;1;0;0.0;0.0;0.0;2.0;B01
201600058880;0.0;1;0;0.0;1.0;1.0;1.0;A01
201600058883;1.0;1;0;0.0;0.0;0.0;0.0;B01
201600058885;1.0;1;0;0.0;2.0;1.0;17.0;A01
201600058898;1.0;1;0;0.0;0.0;0.0;2.0;B01
201600058907;2.0;1;0;0.0;0.0;1.0;21.0;A01
201600058929;1.0;1;0;0.0;2.0;3.0;19.0;A01
201600058937;1.0;1;0;0.0;2.0;8.0;0.0;B01
201600058938;2.0;1;0;0.0;0.0;6.0;2.0;B01
201600058941;1.0;1;0;0.0;9.0;4.0;0.0;B01
201600058950;1.0;1;0;0.0;0.0;0.0;0.0;B01
201600058954;1.0;1;0;0.0;0.0;0.0;1.0;A01
201600058978;1.0;1;0;0.0;2.0;4.0;1.0;B01
201600058980;1.0;1;0;0.0;2.0;5.0;14.0;B01
201600058982;1.0;1;0;0.0;0.0;0.0;0.0;B01
201600058983;1.0;1;0;0.0;2.0;4.0;2.0;B01
201600058984;2.0;1;0;0.0;2.0;1.0;1.0;B01
201600058986;1.0;1;0;0.0;9.0;1.0;5.0;B01
201600059001;2.0;1;0;0.0;0.0;0.0;0.0;A01
201600059022;1.0;1;0;0.0;0.0;0.0;0.0;B01
201600059035;0.0;1;0;0.0;2.0;0.0;1.0;A01
201600059040;1.0;1;0;0.0;2.0;1.0;2.0;B01
201600059045;1.0;1;0;0.0;2.0;4.0;0.0;B01
201600059051;2.0;1;0;0.0;2.0;8.0;1.0;B01
201600059078;2.0;1;0;0.0;2.0;1.0;0.0;B01
201600059084;1.0;1;0;0.0;2.0;1.0;16.0;A01
201600059103;1.0;1;0;0.0;2.0;1.0;0.0;A01
201600059113;2.0;1;0;3.0;2.0;4.0;1.0;B01
201600059119;1.0;1;0;0.0;2.0;1.0;1.0;A01
201600059123;1.0;1;0;1.0;0.0;1.0;2.0;B01
201600059136;2.0;1;0;0.0;2.0;1.0;1.0;A01
201600059174;0.0;1;0;0.0;6.0;1.0;1.0;A01
201600059179;2.0;1;0;0.0;2.0;7.0;17.0;B01
201600059189;1.0;1;0;0.0;2.0;0.0;1.0;B01
201600059192;1.0;1;0;0.0;2.0;4.0;1.0;A01
201600059195;0.0;1;0;0.0;0.0;0.0;0.0;B01
201600059206;1.0;1;0;0.0;2.0;8.0;2.0;B01
201600059210;1.0;1;0;0.0;1.0;0.0;0.0;A01
201600059229;1.0;1;0;0.0;2.0;1.0;2.0;B01
201600059274;2.0;1;0;0.0;1.0;0.0;0.0;A01
201600059328;2.0;1;0;0.0;2.0;1.0;14.0;A01
201600059387;2.0;1;0;0.0;2.0;1.0;17.0;B01
201600059390;2.0;1;0;0.0;2.0;1.0;17.0;B01
201600059392;2.0;1;0;0.0;2.0;1.0;13.0;B01
201600059409;2.0;1;0;0.0;1.0;0.0;0.0;Z01
201600059422;1.0;1;0;0.0;2.0;1.0;1.0;B01
201600059426;2.0;1;0;0.0;2.0;1.0;9.0;A01